STRUCTURE,STRUCTURE_ID,STRUCTURE_NAME,freq,Time frequency,purchase,Purchases,unit,Unit of measure,geo,Geopolitical entity (reporting),TIME_PERIOD,Time,OBS_VALUE,Observation value,OBS_FLAG,Observation status (Flag) V2 structure,CONF_STATUS,Confidentiality status (flag)
dataflow,ESTAT:PRC_HPI_A(1.0),House price index (2015 = 100) - annual data,A,Annual,TOTAL,Total,RCH_A_AVG,Annual average rate of change,AT,Austria,2011,,5.4,,,,,
dataflow,ESTAT:PRC_HPI_A(1.0),House price index (2015 = 100) - annual data,A,Annual,TOTAL,Total,RCH_A_AVG,Annual average rate of change,AT,Austria,2012,,6.6,,,,,
dataflow,ESTAT:PRC_HPI_A(1.0),House price index (2015 = 100) - annual data,A,Annual,TOTAL,Total,RCH_A_AVG,Annual average rate of change,AT,Austria,2013,,5.0,,,,,
dataflow,ESTAT:PRC_HPI_A(1.0),House price index (2015 = 100) - annual data,A,Annual,TOTAL,Total,RCH_A_AVG,Annual average rate of change,AT,Austria,2014,,3.8,,,,,
dataflow,ESTAT:PRC_HPI_A(1.0),House price index (2015 = 100) - annual data,A,Annual,TOTAL,Total,RCH_A_AVG,Annual average rate of change,AT,Austria,2015,,5.6,,,,,
dataflow,ESTAT:PRC_HPI_A(1.0),House price index (2015 = 100) - annual data,A,Annual,TOTAL,Total,RCH_A_AVG,Annual average rate of change,AT,Austria,2016,,6.7,,,,,
dataflow,ESTAT:PRC_HPI_A(1.0),House price index (2015 = 100) - annual data,A,Annual,TOTAL,Total,RCH_A_AVG,Annual average rate of change,AT,Austria,2017,,5.1,,,,,
dataflow,ESTAT:PRC_HPI_A(1.0),House price index (2015 = 100) - annual data,A,Annual,TOTAL,Total,RCH_A_AVG,Annual average rate of change,AT,Austria,2018,,6.0,,,,,
dataflow,ESTAT:PRC_HPI_A(1.0),House price index (2015 = 100) - annual data,A,Annual,TOTAL,Total,RCH_A_AVG,Annual average rate of change,AT,Austria,2019,,6.0,,,,,
dataflow,ESTAT:PRC_HPI_A(1.0),House price index (2015 = 100) - annual data,A,Annual,TOTAL,Total,RCH_A_AVG,Annual average rate of change,AT,Austria,2020,,7.6,,,,,
dataflow,ESTAT:PRC_HPI_A(1.0),House price index (2015 = 100) - annual data,A,Annual,TOTAL,Total,RCH_A_AVG,Annual average rate of change,AT,Austria,2021,,11.4,,,,,
dataflow,ESTAT:PRC_HPI_A(1.0),House price index (2015 = 100) - annual data,A,Annual,TOTAL,Total,RCH_A_AVG,Annual average rate of change,AT,Austria,2022,,11.6,,,,,
dataflow,ESTAT:PRC_HPI_A(1.0),House price index (2015 = 100) - annual data,A,Annual,TOTAL,Total,RCH_A_AVG,Annual average rate of change,AT,Austria,2023,,-2.9,,,,,
dataflow,ESTAT:PRC_HPI_A(1.0),House price index (2015 = 100) - annual data,A,Annual,TOTAL,Total,RCH_A_AVG,Annual average rate of change,AT,Austria,2024,,-0.4,,,,,
dataflow,ESTAT:PRC_HPI_A(1.0),House price index (2015 = 100) - annual data,A,Annual,TOTAL,Total,RCH_A_AVG,Annual average rate of change,BE,Belgium,2010,,2.3,,,,,
dataflow,ESTAT:PRC_HPI_A(1.0),House price index (2015 = 100) - annual data,A,Annual,TOTAL,Total,RCH_A_AVG,Annual average rate of change,BE,Belgium,2011,,3.6,,,,,
dataflow,ESTAT:PRC_HPI_A(1.0),House price index (2015 = 100) - annual data,A,Annual,TOTAL,Total,RCH_A_AVG,Annual average rate of change,BE,Belgium,2012,,2.4,,,,,
dataflow,ESTAT:PRC_HPI_A(1.0),House price index (2015 = 100) - annual data,A,Annual,TOTAL,Total,RCH_A_AVG,Annual average rate of change,BE,Belgium,2013,,1.5,,,,,
dataflow,ESTAT:PRC_HPI_A(1.0),House price index (2015 = 100) - annual data,A,Annual,TOTAL,Total,RCH_A_AVG,Annual average rate of change,BE,Belgium,2014,,-0.3,,,,,
dataflow,ESTAT:PRC_HPI_A(1.0),House price index (2015 = 100) - annual data,A,Annual,TOTAL,Total,RCH_A_AVG,Annual average rate of change,BE,Belgium,2015,,1.8,,,,,
dataflow,ESTAT:PRC_HPI_A(1.0),House price index (2015 = 100) - annual data,A,Annual,TOTAL,Total,RCH_A_AVG,Annual average rate of change,BE,Belgium,2016,,2.3,,,,,
dataflow,ESTAT:PRC_HPI_A(1.0),House price index (2015 = 100) - annual data,A,Annual,TOTAL,Total,RCH_A_AVG,Annual average rate of change,BE,Belgium,2017,,3.5,,,,,
dataflow,ESTAT:PRC_HPI_A(1.0),House price index (2015 = 100) - annual data,A,Annual,TOTAL,Total,RCH_A_AVG,Annual average rate of change,BE,Belgium,2018,,3.0,,,,,
dataflow,ESTAT:PRC_HPI_A(1.0),House price index (2015 = 100) - annual data,A,Annual,TOTAL,Total,RCH_A_AVG,Annual average rate of change,BE,Belgium,2019,,3.7,,,,,
dataflow,ESTAT:PRC_HPI_A(1.0),House price index (2015 = 100) - annual data,A,Annual,TOTAL,Total,RCH_A_AVG,Annual average rate of change,BE,Belgium,2020,,4.3,,,,,
dataflow,ESTAT:PRC_HPI_A(1.0),House price index (2015 = 100) - annual data,A,Annual,TOTAL,Total,RCH_A_AVG,Annual average rate of change,BE,Belgium,2021,,6.7,,,,,
dataflow,ESTAT:PRC_HPI_A(1.0),House price index (2015 = 100) - annual data,A,Annual,TOTAL,Total,RCH_A_AVG,Annual average rate of change,BE,Belgium,2022,,5.5,,,,,
dataflow,ESTAT:PRC_HPI_A(1.0),House price index (2015 = 100) - annual data,A,Annual,TOTAL,Total,RCH_A_AVG,Annual average rate of change,BE,Belgium,2023,,2.3,,,,,
dataflow,ESTAT:PRC_HPI_A(1.0),House price index (2015 = 100) - annual data,A,Annual,TOTAL,Total,RCH_A_AVG,Annual average rate of change,BE,Belgium,2024,,3.2,,,,,
dataflow,ESTAT:PRC_HPI_A(1.0),House price index (2015 = 100) - annual data,A,Annual,TOTAL,Total,RCH_A_AVG,Annual average rate of change,BG,Bulgaria,2010,,-10.2,,e,estimated,,
dataflow,ESTAT:PRC_HPI_A(1.0),House price index (2015 = 100) - annual data,A,Annual,TOTAL,Total,RCH_A_AVG,Annual average rate of change,BG,Bulgaria,2011,,-5.5,,,,,
dataflow,ESTAT:PRC_HPI_A(1.0),House price index (2015 = 100) - annual data,A,Annual,TOTAL,Total,RCH_A_AVG,Annual average rate of change,BG,Bulgaria,2012,,-1.9,,,,,
dataflow,ESTAT:PRC_HPI_A(1.0),House price index (2015 = 100) - annual data,A,Annual,TOTAL,Total,RCH_A_AVG,Annual average rate of change,BG,Bulgaria,2013,,-2.2,,,,,
dataflow,ESTAT:PRC_HPI_A(1.0),House price index (2015 = 100) - annual data,A,Annual,TOTAL,Total,RCH_A_AVG,Annual average rate of change,BG,Bulgaria,2014,,1.4,,,,,
dataflow,ESTAT:PRC_HPI_A(1.0),House price index (2015 = 100) - annual data,A,Annual,TOTAL,Total,RCH_A_AVG,Annual average rate of change,BG,Bulgaria,2015,,2.8,,b,break in time series,,
dataflow,ESTAT:PRC_HPI_A(1.0),House price index (2015 = 100) - annual data,A,Annual,TOTAL,Total,RCH_A_AVG,Annual average rate of change,BG,Bulgaria,2016,,7.0,,,,,
dataflow,ESTAT:PRC_HPI_A(1.0),House price index (2015 = 100) - annual data,A,Annual,TOTAL,Total,RCH_A_AVG,Annual average rate of change,BG,Bulgaria,2017,,8.7,,,,,
dataflow,ESTAT:PRC_HPI_A(1.0),House price index (2015 = 100) - annual data,A,Annual,TOTAL,Total,RCH_A_AVG,Annual average rate of change,BG,Bulgaria,2018,,6.6,,,,,
dataflow,ESTAT:PRC_HPI_A(1.0),House price index (2015 = 100) - annual data,A,Annual,TOTAL,Total,RCH_A_AVG,Annual average rate of change,BG,Bulgaria,2019,,6.0,,,,,
dataflow,ESTAT:PRC_HPI_A(1.0),House price index (2015 = 100) - annual data,A,Annual,TOTAL,Total,RCH_A_AVG,Annual average rate of change,BG,Bulgaria,2020,,4.6,,,,,
dataflow,ESTAT:PRC_HPI_A(1.0),House price index (2015 = 100) - annual data,A,Annual,TOTAL,Total,RCH_A_AVG,Annual average rate of change,BG,Bulgaria,2021,,8.7,,,,,
dataflow,ESTAT:PRC_HPI_A(1.0),House price index (2015 = 100) - annual data,A,Annual,TOTAL,Total,RCH_A_AVG,Annual average rate of change,BG,Bulgaria,2022,,13.8,,b,break in time series,,
dataflow,ESTAT:PRC_HPI_A(1.0),House price index (2015 = 100) - annual data,A,Annual,TOTAL,Total,RCH_A_AVG,Annual average rate of change,BG,Bulgaria,2023,,9.9,,,,,
dataflow,ESTAT:PRC_HPI_A(1.0),House price index (2015 = 100) - annual data,A,Annual,TOTAL,Total,RCH_A_AVG,Annual average rate of change,BG,Bulgaria,2024,,16.5,,,,,
dataflow,ESTAT:PRC_HPI_A(1.0),House price index (2015 = 100) - annual data,A,Annual,TOTAL,Total,RCH_A_AVG,Annual average rate of change,CH,Switzerland,2018,,3.0,,,,,
dataflow,ESTAT:PRC_HPI_A(1.0),House price index (2015 = 100) - annual data,A,Annual,TOTAL,Total,RCH_A_AVG,Annual average rate of change,CH,Switzerland,2019,,3.7,,,,,
dataflow,ESTAT:PRC_HPI_A(1.0),House price index (2015 = 100) - annual data,A,Annual,TOTAL,Total,RCH_A_AVG,Annual average rate of change,CH,Switzerland,2020,,2.5,,,,,
dataflow,ESTAT:PRC_HPI_A(1.0),House price index (2015 = 100) - annual data,A,Annual,TOTAL,Total,RCH_A_AVG,Annual average rate of change,CH,Switzerland,2021,,5.7,,,,,
dataflow,ESTAT:PRC_HPI_A(1.0),House price index (2015 = 100) - annual data,A,Annual,TOTAL,Total,RCH_A_AVG,Annual average rate of change,CH,Switzerland,2022,,6.4,,,,,
dataflow,ESTAT:PRC_HPI_A(1.0),House price index (2015 = 100) - annual data,A,Annual,TOTAL,Total,RCH_A_AVG,Annual average rate of change,CH,Switzerland,2023,,2.2,,,,,
dataflow,ESTAT:PRC_HPI_A(1.0),House price index (2015 = 100) - annual data,A,Annual,TOTAL,Total,RCH_A_AVG,Annual average rate of change,CH,Switzerland,2024,,1.7,,,,,
dataflow,ESTAT:PRC_HPI_A(1.0),House price index (2015 = 100) - annual data,A,Annual,TOTAL,Total,RCH_A_AVG,Annual average rate of change,CY,Cyprus,2010,,-5.7,,,,,
dataflow,ESTAT:PRC_HPI_A(1.0),House price index (2015 = 100) - annual data,A,Annual,TOTAL,Total,RCH_A_AVG,Annual average rate of change,CY,Cyprus,2011,,-1.6,,,,,
dataflow,ESTAT:PRC_HPI_A(1.0),House price index (2015 = 100) - annual data,A,Annual,TOTAL,Total,RCH_A_AVG,Annual average rate of change,CY,Cyprus,2012,,-3.1,,,,,
dataflow,ESTAT:PRC_HPI_A(1.0),House price index (2015 = 100) - annual data,A,Annual,TOTAL,Total,RCH_A_AVG,Annual average rate of change,CY,Cyprus,2013,,-4.1,,,,,
dataflow,ESTAT:PRC_HPI_A(1.0),House price index (2015 = 100) - annual data,A,Annual,TOTAL,Total,RCH_A_AVG,Annual average rate of change,CY,Cyprus,2014,,-1.8,,,,,
dataflow,ESTAT:PRC_HPI_A(1.0),House price index (2015 = 100) - annual data,A,Annual,TOTAL,Total,RCH_A_AVG,Annual average rate of change,CY,Cyprus,2015,,-1.5,,b,break in time series,,
dataflow,ESTAT:PRC_HPI_A(1.0),House price index (2015 = 100) - annual data,A,Annual,TOTAL,Total,RCH_A_AVG,Annual average rate of change,CY,Cyprus,2016,,0.3,,,,,
dataflow,ESTAT:PRC_HPI_A(1.0),House price index (2015 = 100) - annual data,A,Annual,TOTAL,Total,RCH_A_AVG,Annual average rate of change,CY,Cyprus,2017,,2.2,,,,,
dataflow,ESTAT:PRC_HPI_A(1.0),House price index (2015 = 100) - annual data,A,Annual,TOTAL,Total,RCH_A_AVG,Annual average rate of change,CY,Cyprus,2018,,1.8,,,,,
dataflow,ESTAT:PRC_HPI_A(1.0),House price index (2015 = 100) - annual data,A,Annual,TOTAL,Total,RCH_A_AVG,Annual average rate of change,CY,Cyprus,2019,,3.7,,,,,
dataflow,ESTAT:PRC_HPI_A(1.0),House price index (2015 = 100) - annual data,A,Annual,TOTAL,Total,RCH_A_AVG,Annual average rate of change,CY,Cyprus,2020,,-0.2,,,,,
dataflow,ESTAT:PRC_HPI_A(1.0),House price index (2015 = 100) - annual data,A,Annual,TOTAL,Total,RCH_A_AVG,Annual average rate of change,CY,Cyprus,2021,,-3.4,,,,,
dataflow,ESTAT:PRC_HPI_A(1.0),House price index (2015 = 100) - annual data,A,Annual,TOTAL,Total,RCH_A_AVG,Annual average rate of change,CY,Cyprus,2022,,2.7,,,,,
dataflow,ESTAT:PRC_HPI_A(1.0),House price index (2015 = 100) - annual data,A,Annual,TOTAL,Total,RCH_A_AVG,Annual average rate of change,CY,Cyprus,2023,,2.9,,,,,
dataflow,ESTAT:PRC_HPI_A(1.0),House price index (2015 = 100) - annual data,A,Annual,TOTAL,Total,RCH_A_AVG,Annual average rate of change,CY,Cyprus,2024,,2.1,,,,,
dataflow,ESTAT:PRC_HPI_A(1.0),House price index (2015 = 100) - annual data,A,Annual,TOTAL,Total,RCH_A_AVG,Annual average rate of change,CZ,Czechia,2010,,-1.8,,,,,
dataflow,ESTAT:PRC_HPI_A(1.0),House price index (2015 = 100) - annual data,A,Annual,TOTAL,Total,RCH_A_AVG,Annual average rate of change,CZ,Czechia,2011,,0.0,,,,,
dataflow,ESTAT:PRC_HPI_A(1.0),House price index (2015 = 100) - annual data,A,Annual,TOTAL,Total,RCH_A_AVG,Annual average rate of change,CZ,Czechia,2012,,-1.5,,,,,
dataflow,ESTAT:PRC_HPI_A(1.0),House price index (2015 = 100) - annual data,A,Annual,TOTAL,Total,RCH_A_AVG,Annual average rate of change,CZ,Czechia,2013,,0.0,,,,,
dataflow,ESTAT:PRC_HPI_A(1.0),House price index (2015 = 100) - annual data,A,Annual,TOTAL,Total,RCH_A_AVG,Annual average rate of change,CZ,Czechia,2014,,2.5,,,,,
dataflow,ESTAT:PRC_HPI_A(1.0),House price index (2015 = 100) - annual data,A,Annual,TOTAL,Total,RCH_A_AVG,Annual average rate of change,CZ,Czechia,2015,,4.0,,,,,
dataflow,ESTAT:PRC_HPI_A(1.0),House price index (2015 = 100) - annual data,A,Annual,TOTAL,Total,RCH_A_AVG,Annual average rate of change,CZ,Czechia,2016,,7.2,,,,,
dataflow,ESTAT:PRC_HPI_A(1.0),House price index (2015 = 100) - annual data,A,Annual,TOTAL,Total,RCH_A_AVG,Annual average rate of change,CZ,Czechia,2017,,11.7,,,,,
dataflow,ESTAT:PRC_HPI_A(1.0),House price index (2015 = 100) - annual data,A,Annual,TOTAL,Total,RCH_A_AVG,Annual average rate of change,CZ,Czechia,2018,,8.6,,,,,
dataflow,ESTAT:PRC_HPI_A(1.0),House price index (2015 = 100) - annual data,A,Annual,TOTAL,Total,RCH_A_AVG,Annual average rate of change,CZ,Czechia,2019,,9.2,,,,,
dataflow,ESTAT:PRC_HPI_A(1.0),House price index (2015 = 100) - annual data,A,Annual,TOTAL,Total,RCH_A_AVG,Annual average rate of change,CZ,Czechia,2020,,8.4,,,,,
dataflow,ESTAT:PRC_HPI_A(1.0),House price index (2015 = 100) - annual data,A,Annual,TOTAL,Total,RCH_A_AVG,Annual average rate of change,CZ,Czechia,2021,,19.7,,,,,
dataflow,ESTAT:PRC_HPI_A(1.0),House price index (2015 = 100) - annual data,A,Annual,TOTAL,Total,RCH_A_AVG,Annual average rate of change,CZ,Czechia,2022,,16.9,,,,,
dataflow,ESTAT:PRC_HPI_A(1.0),House price index (2015 = 100) - annual data,A,Annual,TOTAL,Total,RCH_A_AVG,Annual average rate of change,CZ,Czechia,2023,,-1.7,,,,,
dataflow,ESTAT:PRC_HPI_A(1.0),House price index (2015 = 100) - annual data,A,Annual,TOTAL,Total,RCH_A_AVG,Annual average rate of change,CZ,Czechia,2024,,5.0,,,,,
dataflow,ESTAT:PRC_HPI_A(1.0),House price index (2015 = 100) - annual data,A,Annual,TOTAL,Total,RCH_A_AVG,Annual average rate of change,DE,Germany,2010,,1.0,,,,,
dataflow,ESTAT:PRC_HPI_A(1.0),House price index (2015 = 100) - annual data,A,Annual,TOTAL,Total,RCH_A_AVG,Annual average rate of change,DE,Germany,2011,,3.5,,,,,
dataflow,ESTAT:PRC_HPI_A(1.0),House price index (2015 = 100) - annual data,A,Annual,TOTAL,Total,RCH_A_AVG,Annual average rate of change,DE,Germany,2012,,3.4,,,,,
dataflow,ESTAT:PRC_HPI_A(1.0),House price index (2015 = 100) - annual data,A,Annual,TOTAL,Total,RCH_A_AVG,Annual average rate of change,DE,Germany,2013,,3.1,,,,,
dataflow,ESTAT:PRC_HPI_A(1.0),House price index (2015 = 100) - annual data,A,Annual,TOTAL,Total,RCH_A_AVG,Annual average rate of change,DE,Germany,2014,,3.1,,,,,
dataflow,ESTAT:PRC_HPI_A(1.0),House price index (2015 = 100) - annual data,A,Annual,TOTAL,Total,RCH_A_AVG,Annual average rate of change,DE,Germany,2015,,4.7,,,,,
dataflow,ESTAT:PRC_HPI_A(1.0),House price index (2015 = 100) - annual data,A,Annual,TOTAL,Total,RCH_A_AVG,Annual average rate of change,DE,Germany,2016,,7.5,,,,,
dataflow,ESTAT:PRC_HPI_A(1.0),House price index (2015 = 100) - annual data,A,Annual,TOTAL,Total,RCH_A_AVG,Annual average rate of change,DE,Germany,2017,,6.1,,,,,
dataflow,ESTAT:PRC_HPI_A(1.0),House price index (2015 = 100) - annual data,A,Annual,TOTAL,Total,RCH_A_AVG,Annual average rate of change,DE,Germany,2018,,6.6,,,,,
dataflow,ESTAT:PRC_HPI_A(1.0),House price index (2015 = 100) - annual data,A,Annual,TOTAL,Total,RCH_A_AVG,Annual average rate of change,DE,Germany,2019,,5.8,,,,,
dataflow,ESTAT:PRC_HPI_A(1.0),House price index (2015 = 100) - annual data,A,Annual,TOTAL,Total,RCH_A_AVG,Annual average rate of change,DE,Germany,2020,,7.8,,,,,
dataflow,ESTAT:PRC_HPI_A(1.0),House price index (2015 = 100) - annual data,A,Annual,TOTAL,Total,RCH_A_AVG,Annual average rate of change,DE,Germany,2021,,11.6,,,,,
dataflow,ESTAT:PRC_HPI_A(1.0),House price index (2015 = 100) - annual data,A,Annual,TOTAL,Total,RCH_A_AVG,Annual average rate of change,DE,Germany,2022,,6.1,,,,,
dataflow,ESTAT:PRC_HPI_A(1.0),House price index (2015 = 100) - annual data,A,Annual,TOTAL,Total,RCH_A_AVG,Annual average rate of change,DE,Germany,2023,,-8.4,,,,,
dataflow,ESTAT:PRC_HPI_A(1.0),House price index (2015 = 100) - annual data,A,Annual,TOTAL,Total,RCH_A_AVG,Annual average rate of change,DE,Germany,2024,,-1.5,,,,,
dataflow,ESTAT:PRC_HPI_A(1.0),House price index (2015 = 100) - annual data,A,Annual,TOTAL,Total,RCH_A_AVG,Annual average rate of change,DK,Denmark,2010,,2.8,,,,,
dataflow,ESTAT:PRC_HPI_A(1.0),House price index (2015 = 100) - annual data,A,Annual,TOTAL,Total,RCH_A_AVG,Annual average rate of change,DK,Denmark,2011,,-1.7,,,,,
dataflow,ESTAT:PRC_HPI_A(1.0),House price index (2015 = 100) - annual data,A,Annual,TOTAL,Total,RCH_A_AVG,Annual average rate of change,DK,Denmark,2012,,-2.7,,,,,
dataflow,ESTAT:PRC_HPI_A(1.0),House price index (2015 = 100) - annual data,A,Annual,TOTAL,Total,RCH_A_AVG,Annual average rate of change,DK,Denmark,2013,,3.9,,,,,
dataflow,ESTAT:PRC_HPI_A(1.0),House price index (2015 = 100) - annual data,A,Annual,TOTAL,Total,RCH_A_AVG,Annual average rate of change,DK,Denmark,2014,,3.8,,,,,
dataflow,ESTAT:PRC_HPI_A(1.0),House price index (2015 = 100) - annual data,A,Annual,TOTAL,Total,RCH_A_AVG,Annual average rate of change,DK,Denmark,2015,,7.0,,b,break in time series,,
dataflow,ESTAT:PRC_HPI_A(1.0),House price index (2015 = 100) - annual data,A,Annual,TOTAL,Total,RCH_A_AVG,Annual average rate of change,DK,Denmark,2016,,4.6,,,,,
dataflow,ESTAT:PRC_HPI_A(1.0),House price index (2015 = 100) - annual data,A,Annual,TOTAL,Total,RCH_A_AVG,Annual average rate of change,DK,Denmark,2017,,5.0,,,,,
dataflow,ESTAT:PRC_HPI_A(1.0),House price index (2015 = 100) - annual data,A,Annual,TOTAL,Total,RCH_A_AVG,Annual average rate of change,DK,Denmark,2018,,4.4,,,,,
dataflow,ESTAT:PRC_HPI_A(1.0),House price index (2015 = 100) - annual data,A,Annual,TOTAL,Total,RCH_A_AVG,Annual average rate of change,DK,Denmark,2019,,2.2,,,,,
dataflow,ESTAT:PRC_HPI_A(1.0),House price index (2015 = 100) - annual data,A,Annual,TOTAL,Total,RCH_A_AVG,Annual average rate of change,DK,Denmark,2020,,4.3,,,,,
dataflow,ESTAT:PRC_HPI_A(1.0),House price index (2015 = 100) - annual data,A,Annual,TOTAL,Total,RCH_A_AVG,Annual average rate of change,DK,Denmark,2021,,11.5,,,,,
dataflow,ESTAT:PRC_HPI_A(1.0),House price index (2015 = 100) - annual data,A,Annual,TOTAL,Total,RCH_A_AVG,Annual average rate of change,DK,Denmark,2022,,4.7,,,,,
dataflow,ESTAT:PRC_HPI_A(1.0),House price index (2015 = 100) - annual data,A,Annual,TOTAL,Total,RCH_A_AVG,Annual average rate of change,DK,Denmark,2023,,-3.8,,,,,
dataflow,ESTAT:PRC_HPI_A(1.0),House price index (2015 = 100) - annual data,A,Annual,TOTAL,Total,RCH_A_AVG,Annual average rate of change,DK,Denmark,2024,,3.5,,,,,
dataflow,ESTAT:PRC_HPI_A(1.0),House price index (2015 = 100) - annual data,A,Annual,TOTAL,Total,RCH_A_AVG,Annual average rate of change,EE,Estonia,2010,,5.7,,,,,
dataflow,ESTAT:PRC_HPI_A(1.0),House price index (2015 = 100) - annual data,A,Annual,TOTAL,Total,RCH_A_AVG,Annual average rate of change,EE,Estonia,2011,,8.5,,,,,
dataflow,ESTAT:PRC_HPI_A(1.0),House price index (2015 = 100) - annual data,A,Annual,TOTAL,Total,RCH_A_AVG,Annual average rate of change,EE,Estonia,2012,,7.3,,,,,
dataflow,ESTAT:PRC_HPI_A(1.0),House price index (2015 = 100) - annual data,A,Annual,TOTAL,Total,RCH_A_AVG,Annual average rate of change,EE,Estonia,2013,,10.7,,,,,
dataflow,ESTAT:PRC_HPI_A(1.0),House price index (2015 = 100) - annual data,A,Annual,TOTAL,Total,RCH_A_AVG,Annual average rate of change,EE,Estonia,2014,,13.7,,,,,
dataflow,ESTAT:PRC_HPI_A(1.0),House price index (2015 = 100) - annual data,A,Annual,TOTAL,Total,RCH_A_AVG,Annual average rate of change,EE,Estonia,2015,,6.9,,,,,
dataflow,ESTAT:PRC_HPI_A(1.0),House price index (2015 = 100) - annual data,A,Annual,TOTAL,Total,RCH_A_AVG,Annual average rate of change,EE,Estonia,2016,,4.7,,,,,
dataflow,ESTAT:PRC_HPI_A(1.0),House price index (2015 = 100) - annual data,A,Annual,TOTAL,Total,RCH_A_AVG,Annual average rate of change,EE,Estonia,2017,,5.5,,,,,
dataflow,ESTAT:PRC_HPI_A(1.0),House price index (2015 = 100) - annual data,A,Annual,TOTAL,Total,RCH_A_AVG,Annual average rate of change,EE,Estonia,2018,,5.9,,,,,
dataflow,ESTAT:PRC_HPI_A(1.0),House price index (2015 = 100) - annual data,A,Annual,TOTAL,Total,RCH_A_AVG,Annual average rate of change,EE,Estonia,2019,,7.0,,,,,
dataflow,ESTAT:PRC_HPI_A(1.0),House price index (2015 = 100) - annual data,A,Annual,TOTAL,Total,RCH_A_AVG,Annual average rate of change,EE,Estonia,2020,,6.0,,,,,
dataflow,ESTAT:PRC_HPI_A(1.0),House price index (2015 = 100) - annual data,A,Annual,TOTAL,Total,RCH_A_AVG,Annual average rate of change,EE,Estonia,2021,,15.0,,,,,
dataflow,ESTAT:PRC_HPI_A(1.0),House price index (2015 = 100) - annual data,A,Annual,TOTAL,Total,RCH_A_AVG,Annual average rate of change,EE,Estonia,2022,,22.2,,,,,
dataflow,ESTAT:PRC_HPI_A(1.0),House price index (2015 = 100) - annual data,A,Annual,TOTAL,Total,RCH_A_AVG,Annual average rate of change,EE,Estonia,2023,,5.9,,,,,
dataflow,ESTAT:PRC_HPI_A(1.0),House price index (2015 = 100) - annual data,A,Annual,TOTAL,Total,RCH_A_AVG,Annual average rate of change,EE,Estonia,2024,,6.1,,,,,
dataflow,ESTAT:PRC_HPI_A(1.0),House price index (2015 = 100) - annual data,A,Annual,TOTAL,Total,RCH_A_AVG,Annual average rate of change,ES,Spain,2010,,-1.8,,,,,
dataflow,ESTAT:PRC_HPI_A(1.0),House price index (2015 = 100) - annual data,A,Annual,TOTAL,Total,RCH_A_AVG,Annual average rate of change,ES,Spain,2011,,-7.6,,,,,
dataflow,ESTAT:PRC_HPI_A(1.0),House price index (2015 = 100) - annual data,A,Annual,TOTAL,Total,RCH_A_AVG,Annual average rate of change,ES,Spain,2012,,-14.8,,,,,
dataflow,ESTAT:PRC_HPI_A(1.0),House price index (2015 = 100) - annual data,A,Annual,TOTAL,Total,RCH_A_AVG,Annual average rate of change,ES,Spain,2013,,-9.1,,,,,
dataflow,ESTAT:PRC_HPI_A(1.0),House price index (2015 = 100) - annual data,A,Annual,TOTAL,Total,RCH_A_AVG,Annual average rate of change,ES,Spain,2014,,0.3,,,,,
dataflow,ESTAT:PRC_HPI_A(1.0),House price index (2015 = 100) - annual data,A,Annual,TOTAL,Total,RCH_A_AVG,Annual average rate of change,ES,Spain,2015,,3.6,,,,,
dataflow,ESTAT:PRC_HPI_A(1.0),House price index (2015 = 100) - annual data,A,Annual,TOTAL,Total,RCH_A_AVG,Annual average rate of change,ES,Spain,2016,,4.6,,,,,
dataflow,ESTAT:PRC_HPI_A(1.0),House price index (2015 = 100) - annual data,A,Annual,TOTAL,Total,RCH_A_AVG,Annual average rate of change,ES,Spain,2017,,6.2,,,,,
dataflow,ESTAT:PRC_HPI_A(1.0),House price index (2015 = 100) - annual data,A,Annual,TOTAL,Total,RCH_A_AVG,Annual average rate of change,ES,Spain,2018,,6.7,,,,,
dataflow,ESTAT:PRC_HPI_A(1.0),House price index (2015 = 100) - annual data,A,Annual,TOTAL,Total,RCH_A_AVG,Annual average rate of change,ES,Spain,2019,,5.2,,,,,
dataflow,ESTAT:PRC_HPI_A(1.0),House price index (2015 = 100) - annual data,A,Annual,TOTAL,Total,RCH_A_AVG,Annual average rate of change,ES,Spain,2020,,2.2,,,,,
dataflow,ESTAT:PRC_HPI_A(1.0),House price index (2015 = 100) - annual data,A,Annual,TOTAL,Total,RCH_A_AVG,Annual average rate of change,ES,Spain,2021,,3.7,,,,,
dataflow,ESTAT:PRC_HPI_A(1.0),House price index (2015 = 100) - annual data,A,Annual,TOTAL,Total,RCH_A_AVG,Annual average rate of change,ES,Spain,2022,,7.4,,,,,
dataflow,ESTAT:PRC_HPI_A(1.0),House price index (2015 = 100) - annual data,A,Annual,TOTAL,Total,RCH_A_AVG,Annual average rate of change,ES,Spain,2023,,4.0,,,,,
dataflow,ESTAT:PRC_HPI_A(1.0),House price index (2015 = 100) - annual data,A,Annual,TOTAL,Total,RCH_A_AVG,Annual average rate of change,ES,Spain,2024,,8.5,,,,,
dataflow,ESTAT:PRC_HPI_A(1.0),House price index (2015 = 100) - annual data,A,Annual,TOTAL,Total,RCH_A_AVG,Annual average rate of change,EU27_2020,European Union - 27 countries (from 2020),2010,,0.5,,,,,
dataflow,ESTAT:PRC_HPI_A(1.0),House price index (2015 = 100) - annual data,A,Annual,TOTAL,Total,RCH_A_AVG,Annual average rate of change,EU27_2020,European Union - 27 countries (from 2020),2011,,0.6,,,,,
dataflow,ESTAT:PRC_HPI_A(1.0),House price index (2015 = 100) - annual data,A,Annual,TOTAL,Total,RCH_A_AVG,Annual average rate of change,EU27_2020,European Union - 27 countries (from 2020),2012,,-2.1,,,,,
dataflow,ESTAT:PRC_HPI_A(1.0),House price index (2015 = 100) - annual data,A,Annual,TOTAL,Total,RCH_A_AVG,Annual average rate of change,EU27_2020,European Union - 27 countries (from 2020),2013,,-1.7,,,,,
dataflow,ESTAT:PRC_HPI_A(1.0),House price index (2015 = 100) - annual data,A,Annual,TOTAL,Total,RCH_A_AVG,Annual average rate of change,EU27_2020,European Union - 27 countries (from 2020),2014,,0.7,,,,,
dataflow,ESTAT:PRC_HPI_A(1.0),House price index (2015 = 100) - annual data,A,Annual,TOTAL,Total,RCH_A_AVG,Annual average rate of change,EU27_2020,European Union - 27 countries (from 2020),2015,,2.3,,,,,
dataflow,ESTAT:PRC_HPI_A(1.0),House price index (2015 = 100) - annual data,A,Annual,TOTAL,Total,RCH_A_AVG,Annual average rate of change,EU27_2020,European Union - 27 countries (from 2020),2016,,4.3,,,,,
dataflow,ESTAT:PRC_HPI_A(1.0),House price index (2015 = 100) - annual data,A,Annual,TOTAL,Total,RCH_A_AVG,Annual average rate of change,EU27_2020,European Union - 27 countries (from 2020),2017,,4.8,,,,,
dataflow,ESTAT:PRC_HPI_A(1.0),House price index (2015 = 100) - annual data,A,Annual,TOTAL,Total,RCH_A_AVG,Annual average rate of change,EU27_2020,European Union - 27 countries (from 2020),2018,,5.0,,,,,
dataflow,ESTAT:PRC_HPI_A(1.0),House price index (2015 = 100) - annual data,A,Annual,TOTAL,Total,RCH_A_AVG,Annual average rate of change,EU27_2020,European Union - 27 countries (from 2020),2019,,4.9,,,,,
dataflow,ESTAT:PRC_HPI_A(1.0),House price index (2015 = 100) - annual data,A,Annual,TOTAL,Total,RCH_A_AVG,Annual average rate of change,EU27_2020,European Union - 27 countries (from 2020),2020,,5.6,,,,,
dataflow,ESTAT:PRC_HPI_A(1.0),House price index (2015 = 100) - annual data,A,Annual,TOTAL,Total,RCH_A_AVG,Annual average rate of change,EU27_2020,European Union - 27 countries (from 2020),2021,,8.4,,,,,
dataflow,ESTAT:PRC_HPI_A(1.0),House price index (2015 = 100) - annual data,A,Annual,TOTAL,Total,RCH_A_AVG,Annual average rate of change,EU27_2020,European Union - 27 countries (from 2020),2022,,8.0,,,,,
dataflow,ESTAT:PRC_HPI_A(1.0),House price index (2015 = 100) - annual data,A,Annual,TOTAL,Total,RCH_A_AVG,Annual average rate of change,EU27_2020,European Union - 27 countries (from 2020),2023,,-0.3,,,,,
dataflow,ESTAT:PRC_HPI_A(1.0),House price index (2015 = 100) - annual data,A,Annual,TOTAL,Total,RCH_A_AVG,Annual average rate of change,EU27_2020,European Union - 27 countries (from 2020),2024,,3.4,,,,,
dataflow,ESTAT:PRC_HPI_A(1.0),House price index (2015 = 100) - annual data,A,Annual,TOTAL,Total,RCH_A_AVG,Annual average rate of change,FI,Finland,2010,,6.3,,,,,
dataflow,ESTAT:PRC_HPI_A(1.0),House price index (2015 = 100) - annual data,A,Annual,TOTAL,Total,RCH_A_AVG,Annual average rate of change,FI,Finland,2011,,3.2,,,,,
dataflow,ESTAT:PRC_HPI_A(1.0),House price index (2015 = 100) - annual data,A,Annual,TOTAL,Total,RCH_A_AVG,Annual average rate of change,FI,Finland,2012,,2.4,,,,,
dataflow,ESTAT:PRC_HPI_A(1.0),House price index (2015 = 100) - annual data,A,Annual,TOTAL,Total,RCH_A_AVG,Annual average rate of change,FI,Finland,2013,,1.2,,,,,
dataflow,ESTAT:PRC_HPI_A(1.0),House price index (2015 = 100) - annual data,A,Annual,TOTAL,Total,RCH_A_AVG,Annual average rate of change,FI,Finland,2014,,-0.4,,,,,
dataflow,ESTAT:PRC_HPI_A(1.0),House price index (2015 = 100) - annual data,A,Annual,TOTAL,Total,RCH_A_AVG,Annual average rate of change,FI,Finland,2015,,0.0,,b,break in time series,,
dataflow,ESTAT:PRC_HPI_A(1.0),House price index (2015 = 100) - annual data,A,Annual,TOTAL,Total,RCH_A_AVG,Annual average rate of change,FI,Finland,2016,,1.3,,,,,
dataflow,ESTAT:PRC_HPI_A(1.0),House price index (2015 = 100) - annual data,A,Annual,TOTAL,Total,RCH_A_AVG,Annual average rate of change,FI,Finland,2017,,1.1,,,,,
dataflow,ESTAT:PRC_HPI_A(1.0),House price index (2015 = 100) - annual data,A,Annual,TOTAL,Total,RCH_A_AVG,Annual average rate of change,FI,Finland,2018,,0.9,,,,,
dataflow,ESTAT:PRC_HPI_A(1.0),House price index (2015 = 100) - annual data,A,Annual,TOTAL,Total,RCH_A_AVG,Annual average rate of change,FI,Finland,2019,,0.4,,,,,
dataflow,ESTAT:PRC_HPI_A(1.0),House price index (2015 = 100) - annual data,A,Annual,TOTAL,Total,RCH_A_AVG,Annual average rate of change,FI,Finland,2020,,1.8,,,,,
dataflow,ESTAT:PRC_HPI_A(1.0),House price index (2015 = 100) - annual data,A,Annual,TOTAL,Total,RCH_A_AVG,Annual average rate of change,FI,Finland,2021,,4.6,,,,,
dataflow,ESTAT:PRC_HPI_A(1.0),House price index (2015 = 100) - annual data,A,Annual,TOTAL,Total,RCH_A_AVG,Annual average rate of change,FI,Finland,2022,,1.0,,,,,
dataflow,ESTAT:PRC_HPI_A(1.0),House price index (2015 = 100) - annual data,A,Annual,TOTAL,Total,RCH_A_AVG,Annual average rate of change,FI,Finland,2023,,-6.2,,,,,
dataflow,ESTAT:PRC_HPI_A(1.0),House price index (2015 = 100) - annual data,A,Annual,TOTAL,Total,RCH_A_AVG,Annual average rate of change,FI,Finland,2024,,-3.1,,,,,
dataflow,ESTAT:PRC_HPI_A(1.0),House price index (2015 = 100) - annual data,A,Annual,TOTAL,Total,RCH_A_AVG,Annual average rate of change,FR,France,2010,,4.6,,,,,
dataflow,ESTAT:PRC_HPI_A(1.0),House price index (2015 = 100) - annual data,A,Annual,TOTAL,Total,RCH_A_AVG,Annual average rate of change,FR,France,2011,,5.7,,,,,
dataflow,ESTAT:PRC_HPI_A(1.0),House price index (2015 = 100) - annual data,A,Annual,TOTAL,Total,RCH_A_AVG,Annual average rate of change,FR,France,2012,,-0.5,,,,,
dataflow,ESTAT:PRC_HPI_A(1.0),House price index (2015 = 100) - annual data,A,Annual,TOTAL,Total,RCH_A_AVG,Annual average rate of change,FR,France,2013,,-1.9,,,,,
dataflow,ESTAT:PRC_HPI_A(1.0),House price index (2015 = 100) - annual data,A,Annual,TOTAL,Total,RCH_A_AVG,Annual average rate of change,FR,France,2014,,-1.5,,,,,
dataflow,ESTAT:PRC_HPI_A(1.0),House price index (2015 = 100) - annual data,A,Annual,TOTAL,Total,RCH_A_AVG,Annual average rate of change,FR,France,2015,,-1.3,,,,,
dataflow,ESTAT:PRC_HPI_A(1.0),House price index (2015 = 100) - annual data,A,Annual,TOTAL,Total,RCH_A_AVG,Annual average rate of change,FR,France,2016,,1.0,,,,,
dataflow,ESTAT:PRC_HPI_A(1.0),House price index (2015 = 100) - annual data,A,Annual,TOTAL,Total,RCH_A_AVG,Annual average rate of change,FR,France,2017,,3.2,,,,,
dataflow,ESTAT:PRC_HPI_A(1.0),House price index (2015 = 100) - annual data,A,Annual,TOTAL,Total,RCH_A_AVG,Annual average rate of change,FR,France,2018,,2.9,,,,,
dataflow,ESTAT:PRC_HPI_A(1.0),House price index (2015 = 100) - annual data,A,Annual,TOTAL,Total,RCH_A_AVG,Annual average rate of change,FR,France,2019,,3.3,,,,,
dataflow,ESTAT:PRC_HPI_A(1.0),House price index (2015 = 100) - annual data,A,Annual,TOTAL,Total,RCH_A_AVG,Annual average rate of change,FR,France,2020,,5.2,,,,,
dataflow,ESTAT:PRC_HPI_A(1.0),House price index (2015 = 100) - annual data,A,Annual,TOTAL,Total,RCH_A_AVG,Annual average rate of change,FR,France,2021,,6.3,,,,,
dataflow,ESTAT:PRC_HPI_A(1.0),House price index (2015 = 100) - annual data,A,Annual,TOTAL,Total,RCH_A_AVG,Annual average rate of change,FR,France,2022,,6.3,,,,,
dataflow,ESTAT:PRC_HPI_A(1.0),House price index (2015 = 100) - annual data,A,Annual,TOTAL,Total,RCH_A_AVG,Annual average rate of change,FR,France,2023,,-0.4,,,,,
dataflow,ESTAT:PRC_HPI_A(1.0),House price index (2015 = 100) - annual data,A,Annual,TOTAL,Total,RCH_A_AVG,Annual average rate of change,FR,France,2024,,-3.7,,,,,
dataflow,ESTAT:PRC_HPI_A(1.0),House price index (2015 = 100) - annual data,A,Annual,TOTAL,Total,RCH_A_AVG,Annual average rate of change,HR,Croatia,2010,,-6.3,,,,,
dataflow,ESTAT:PRC_HPI_A(1.0),House price index (2015 = 100) - annual data,A,Annual,TOTAL,Total,RCH_A_AVG,Annual average rate of change,HR,Croatia,2011,,0.2,,,,,
dataflow,ESTAT:PRC_HPI_A(1.0),House price index (2015 = 100) - annual data,A,Annual,TOTAL,Total,RCH_A_AVG,Annual average rate of change,HR,Croatia,2012,,-1.6,,,,,
dataflow,ESTAT:PRC_HPI_A(1.0),House price index (2015 = 100) - annual data,A,Annual,TOTAL,Total,RCH_A_AVG,Annual average rate of change,HR,Croatia,2013,,-3.9,,,,,
dataflow,ESTAT:PRC_HPI_A(1.0),House price index (2015 = 100) - annual data,A,Annual,TOTAL,Total,RCH_A_AVG,Annual average rate of change,HR,Croatia,2014,,-1.6,,,,,
dataflow,ESTAT:PRC_HPI_A(1.0),House price index (2015 = 100) - annual data,A,Annual,TOTAL,Total,RCH_A_AVG,Annual average rate of change,HR,Croatia,2015,,-2.9,,,,,
dataflow,ESTAT:PRC_HPI_A(1.0),House price index (2015 = 100) - annual data,A,Annual,TOTAL,Total,RCH_A_AVG,Annual average rate of change,HR,Croatia,2016,,0.9,,,,,
dataflow,ESTAT:PRC_HPI_A(1.0),House price index (2015 = 100) - annual data,A,Annual,TOTAL,Total,RCH_A_AVG,Annual average rate of change,HR,Croatia,2017,,3.8,,,,,
dataflow,ESTAT:PRC_HPI_A(1.0),House price index (2015 = 100) - annual data,A,Annual,TOTAL,Total,RCH_A_AVG,Annual average rate of change,HR,Croatia,2018,,6.1,,,,,
dataflow,ESTAT:PRC_HPI_A(1.0),House price index (2015 = 100) - annual data,A,Annual,TOTAL,Total,RCH_A_AVG,Annual average rate of change,HR,Croatia,2019,,9.0,,,,,
dataflow,ESTAT:PRC_HPI_A(1.0),House price index (2015 = 100) - annual data,A,Annual,TOTAL,Total,RCH_A_AVG,Annual average rate of change,HR,Croatia,2020,,7.7,,,,,
dataflow,ESTAT:PRC_HPI_A(1.0),House price index (2015 = 100) - annual data,A,Annual,TOTAL,Total,RCH_A_AVG,Annual average rate of change,HR,Croatia,2021,,7.3,,,,,
dataflow,ESTAT:PRC_HPI_A(1.0),House price index (2015 = 100) - annual data,A,Annual,TOTAL,Total,RCH_A_AVG,Annual average rate of change,HR,Croatia,2022,,14.8,,,,,
dataflow,ESTAT:PRC_HPI_A(1.0),House price index (2015 = 100) - annual data,A,Annual,TOTAL,Total,RCH_A_AVG,Annual average rate of change,HR,Croatia,2023,,11.9,,,,,
dataflow,ESTAT:PRC_HPI_A(1.0),House price index (2015 = 100) - annual data,A,Annual,TOTAL,Total,RCH_A_AVG,Annual average rate of change,HR,Croatia,2024,,10.4,,,,,
dataflow,ESTAT:PRC_HPI_A(1.0),House price index (2015 = 100) - annual data,A,Annual,TOTAL,Total,RCH_A_AVG,Annual average rate of change,HU,Hungary,2010,,-2.4,,,,,
dataflow,ESTAT:PRC_HPI_A(1.0),House price index (2015 = 100) - annual data,A,Annual,TOTAL,Total,RCH_A_AVG,Annual average rate of change,HU,Hungary,2011,,-3.4,,,,,
dataflow,ESTAT:PRC_HPI_A(1.0),House price index (2015 = 100) - annual data,A,Annual,TOTAL,Total,RCH_A_AVG,Annual average rate of change,HU,Hungary,2012,,-3.7,,,,,
dataflow,ESTAT:PRC_HPI_A(1.0),House price index (2015 = 100) - annual data,A,Annual,TOTAL,Total,RCH_A_AVG,Annual average rate of change,HU,Hungary,2013,,-2.6,,,,,
dataflow,ESTAT:PRC_HPI_A(1.0),House price index (2015 = 100) - annual data,A,Annual,TOTAL,Total,RCH_A_AVG,Annual average rate of change,HU,Hungary,2014,,4.2,,,,,
dataflow,ESTAT:PRC_HPI_A(1.0),House price index (2015 = 100) - annual data,A,Annual,TOTAL,Total,RCH_A_AVG,Annual average rate of change,HU,Hungary,2015,,13.1,,,,,
dataflow,ESTAT:PRC_HPI_A(1.0),House price index (2015 = 100) - annual data,A,Annual,TOTAL,Total,RCH_A_AVG,Annual average rate of change,HU,Hungary,2016,,13.4,,,,,
dataflow,ESTAT:PRC_HPI_A(1.0),House price index (2015 = 100) - annual data,A,Annual,TOTAL,Total,RCH_A_AVG,Annual average rate of change,HU,Hungary,2017,,12.2,,,,,
dataflow,ESTAT:PRC_HPI_A(1.0),House price index (2015 = 100) - annual data,A,Annual,TOTAL,Total,RCH_A_AVG,Annual average rate of change,HU,Hungary,2018,,14.3,,,,,
dataflow,ESTAT:PRC_HPI_A(1.0),House price index (2015 = 100) - annual data,A,Annual,TOTAL,Total,RCH_A_AVG,Annual average rate of change,HU,Hungary,2019,,17.0,,,,,
dataflow,ESTAT:PRC_HPI_A(1.0),House price index (2015 = 100) - annual data,A,Annual,TOTAL,Total,RCH_A_AVG,Annual average rate of change,HU,Hungary,2020,,4.9,,,,,
dataflow,ESTAT:PRC_HPI_A(1.0),House price index (2015 = 100) - annual data,A,Annual,TOTAL,Total,RCH_A_AVG,Annual average rate of change,HU,Hungary,2021,,16.5,,,,,
dataflow,ESTAT:PRC_HPI_A(1.0),House price index (2015 = 100) - annual data,A,Annual,TOTAL,Total,RCH_A_AVG,Annual average rate of change,HU,Hungary,2022,,22.3,,,,,
dataflow,ESTAT:PRC_HPI_A(1.0),House price index (2015 = 100) - annual data,A,Annual,TOTAL,Total,RCH_A_AVG,Annual average rate of change,HU,Hungary,2023,,7.1,,,,,
dataflow,ESTAT:PRC_HPI_A(1.0),House price index (2015 = 100) - annual data,A,Annual,TOTAL,Total,RCH_A_AVG,Annual average rate of change,HU,Hungary,2024,,13.7,,p,provisional,,
dataflow,ESTAT:PRC_HPI_A(1.0),House price index (2015 = 100) - annual data,A,Annual,TOTAL,Total,RCH_A_AVG,Annual average rate of change,IE,Ireland,2010,,-13.5,,,,,
dataflow,ESTAT:PRC_HPI_A(1.0),House price index (2015 = 100) - annual data,A,Annual,TOTAL,Total,RCH_A_AVG,Annual average rate of change,IE,Ireland,2011,,-17.1,,,,,
dataflow,ESTAT:PRC_HPI_A(1.0),House price index (2015 = 100) - annual data,A,Annual,TOTAL,Total,RCH_A_AVG,Annual average rate of change,IE,Ireland,2012,,-13.5,,,,,
dataflow,ESTAT:PRC_HPI_A(1.0),House price index (2015 = 100) - annual data,A,Annual,TOTAL,Total,RCH_A_AVG,Annual average rate of change,IE,Ireland,2013,,1.2,,,,,
dataflow,ESTAT:PRC_HPI_A(1.0),House price index (2015 = 100) - annual data,A,Annual,TOTAL,Total,RCH_A_AVG,Annual average rate of change,IE,Ireland,2014,,16.5,,,,,
dataflow,ESTAT:PRC_HPI_A(1.0),House price index (2015 = 100) - annual data,A,Annual,TOTAL,Total,RCH_A_AVG,Annual average rate of change,IE,Ireland,2015,,11.5,,,,,
dataflow,ESTAT:PRC_HPI_A(1.0),House price index (2015 = 100) - annual data,A,Annual,TOTAL,Total,RCH_A_AVG,Annual average rate of change,IE,Ireland,2016,,7.5,,,,,
dataflow,ESTAT:PRC_HPI_A(1.0),House price index (2015 = 100) - annual data,A,Annual,TOTAL,Total,RCH_A_AVG,Annual average rate of change,IE,Ireland,2017,,10.9,,,,,
dataflow,ESTAT:PRC_HPI_A(1.0),House price index (2015 = 100) - annual data,A,Annual,TOTAL,Total,RCH_A_AVG,Annual average rate of change,IE,Ireland,2018,,10.2,,,,,
dataflow,ESTAT:PRC_HPI_A(1.0),House price index (2015 = 100) - annual data,A,Annual,TOTAL,Total,RCH_A_AVG,Annual average rate of change,IE,Ireland,2019,,2.3,,,,,
dataflow,ESTAT:PRC_HPI_A(1.0),House price index (2015 = 100) - annual data,A,Annual,TOTAL,Total,RCH_A_AVG,Annual average rate of change,IE,Ireland,2020,,0.3,,,,,
dataflow,ESTAT:PRC_HPI_A(1.0),House price index (2015 = 100) - annual data,A,Annual,TOTAL,Total,RCH_A_AVG,Annual average rate of change,IE,Ireland,2021,,8.3,,,,,
dataflow,ESTAT:PRC_HPI_A(1.0),House price index (2015 = 100) - annual data,A,Annual,TOTAL,Total,RCH_A_AVG,Annual average rate of change,IE,Ireland,2022,,12.3,,,,,
dataflow,ESTAT:PRC_HPI_A(1.0),House price index (2015 = 100) - annual data,A,Annual,TOTAL,Total,RCH_A_AVG,Annual average rate of change,IE,Ireland,2023,,3.1,,,,,
dataflow,ESTAT:PRC_HPI_A(1.0),House price index (2015 = 100) - annual data,A,Annual,TOTAL,Total,RCH_A_AVG,Annual average rate of change,IE,Ireland,2024,,8.5,,,,,
dataflow,ESTAT:PRC_HPI_A(1.0),House price index (2015 = 100) - annual data,A,Annual,TOTAL,Total,RCH_A_AVG,Annual average rate of change,IS,Iceland,2010,,-3.0,,,,,
dataflow,ESTAT:PRC_HPI_A(1.0),House price index (2015 = 100) - annual data,A,Annual,TOTAL,Total,RCH_A_AVG,Annual average rate of change,IS,Iceland,2011,,4.6,,,,,
dataflow,ESTAT:PRC_HPI_A(1.0),House price index (2015 = 100) - annual data,A,Annual,TOTAL,Total,RCH_A_AVG,Annual average rate of change,IS,Iceland,2012,,6.9,,,,,
dataflow,ESTAT:PRC_HPI_A(1.0),House price index (2015 = 100) - annual data,A,Annual,TOTAL,Total,RCH_A_AVG,Annual average rate of change,IS,Iceland,2013,,5.8,,,,,
dataflow,ESTAT:PRC_HPI_A(1.0),House price index (2015 = 100) - annual data,A,Annual,TOTAL,Total,RCH_A_AVG,Annual average rate of change,IS,Iceland,2014,,8.4,,,,,
dataflow,ESTAT:PRC_HPI_A(1.0),House price index (2015 = 100) - annual data,A,Annual,TOTAL,Total,RCH_A_AVG,Annual average rate of change,IS,Iceland,2015,,8.2,,,,,
dataflow,ESTAT:PRC_HPI_A(1.0),House price index (2015 = 100) - annual data,A,Annual,TOTAL,Total,RCH_A_AVG,Annual average rate of change,IS,Iceland,2016,,9.8,,,,,
dataflow,ESTAT:PRC_HPI_A(1.0),House price index (2015 = 100) - annual data,A,Annual,TOTAL,Total,RCH_A_AVG,Annual average rate of change,IS,Iceland,2017,,19.5,,,,,
dataflow,ESTAT:PRC_HPI_A(1.0),House price index (2015 = 100) - annual data,A,Annual,TOTAL,Total,RCH_A_AVG,Annual average rate of change,IS,Iceland,2018,,8.2,,,,,
dataflow,ESTAT:PRC_HPI_A(1.0),House price index (2015 = 100) - annual data,A,Annual,TOTAL,Total,RCH_A_AVG,Annual average rate of change,IS,Iceland,2019,,4.4,,,,,
dataflow,ESTAT:PRC_HPI_A(1.0),House price index (2015 = 100) - annual data,A,Annual,TOTAL,Total,RCH_A_AVG,Annual average rate of change,IS,Iceland,2020,,6.4,,,,,
dataflow,ESTAT:PRC_HPI_A(1.0),House price index (2015 = 100) - annual data,A,Annual,TOTAL,Total,RCH_A_AVG,Annual average rate of change,IS,Iceland,2021,,12.5,,,,,
dataflow,ESTAT:PRC_HPI_A(1.0),House price index (2015 = 100) - annual data,A,Annual,TOTAL,Total,RCH_A_AVG,Annual average rate of change,IS,Iceland,2022,,21.0,,,,,
dataflow,ESTAT:PRC_HPI_A(1.0),House price index (2015 = 100) - annual data,A,Annual,TOTAL,Total,RCH_A_AVG,Annual average rate of change,IS,Iceland,2023,,7.8,,,,,
dataflow,ESTAT:PRC_HPI_A(1.0),House price index (2015 = 100) - annual data,A,Annual,TOTAL,Total,RCH_A_AVG,Annual average rate of change,IS,Iceland,2024,,8.1,,,,,
dataflow,ESTAT:PRC_HPI_A(1.0),House price index (2015 = 100) - annual data,A,Annual,TOTAL,Total,RCH_A_AVG,Annual average rate of change,IT,Italy,2011,,1.4,,,,,
dataflow,ESTAT:PRC_HPI_A(1.0),House price index (2015 = 100) - annual data,A,Annual,TOTAL,Total,RCH_A_AVG,Annual average rate of change,IT,Italy,2012,,-2.5,,,,,
dataflow,ESTAT:PRC_HPI_A(1.0),House price index (2015 = 100) - annual data,A,Annual,TOTAL,Total,RCH_A_AVG,Annual average rate of change,IT,Italy,2013,,-6.5,,,,,
dataflow,ESTAT:PRC_HPI_A(1.0),House price index (2015 = 100) - annual data,A,Annual,TOTAL,Total,RCH_A_AVG,Annual average rate of change,IT,Italy,2014,,-4.7,,,,,
dataflow,ESTAT:PRC_HPI_A(1.0),House price index (2015 = 100) - annual data,A,Annual,TOTAL,Total,RCH_A_AVG,Annual average rate of change,IT,Italy,2015,,-3.8,,,,,
dataflow,ESTAT:PRC_HPI_A(1.0),House price index (2015 = 100) - annual data,A,Annual,TOTAL,Total,RCH_A_AVG,Annual average rate of change,IT,Italy,2016,,0.3,,,,,
dataflow,ESTAT:PRC_HPI_A(1.0),House price index (2015 = 100) - annual data,A,Annual,TOTAL,Total,RCH_A_AVG,Annual average rate of change,IT,Italy,2017,,-1.1,,,,,
dataflow,ESTAT:PRC_HPI_A(1.0),House price index (2015 = 100) - annual data,A,Annual,TOTAL,Total,RCH_A_AVG,Annual average rate of change,IT,Italy,2018,,-0.6,,,,,
dataflow,ESTAT:PRC_HPI_A(1.0),House price index (2015 = 100) - annual data,A,Annual,TOTAL,Total,RCH_A_AVG,Annual average rate of change,IT,Italy,2019,,-0.1,,,,,
dataflow,ESTAT:PRC_HPI_A(1.0),House price index (2015 = 100) - annual data,A,Annual,TOTAL,Total,RCH_A_AVG,Annual average rate of change,IT,Italy,2020,,1.9,,,,,
dataflow,ESTAT:PRC_HPI_A(1.0),House price index (2015 = 100) - annual data,A,Annual,TOTAL,Total,RCH_A_AVG,Annual average rate of change,IT,Italy,2021,,2.5,,,,,
dataflow,ESTAT:PRC_HPI_A(1.0),House price index (2015 = 100) - annual data,A,Annual,TOTAL,Total,RCH_A_AVG,Annual average rate of change,IT,Italy,2022,,3.8,,,,,
dataflow,ESTAT:PRC_HPI_A(1.0),House price index (2015 = 100) - annual data,A,Annual,TOTAL,Total,RCH_A_AVG,Annual average rate of change,IT,Italy,2023,,1.3,,,,,
dataflow,ESTAT:PRC_HPI_A(1.0),House price index (2015 = 100) - annual data,A,Annual,TOTAL,Total,RCH_A_AVG,Annual average rate of change,IT,Italy,2024,,3.2,,,,,
dataflow,ESTAT:PRC_HPI_A(1.0),House price index (2015 = 100) - annual data,A,Annual,TOTAL,Total,RCH_A_AVG,Annual average rate of change,LT,Lithuania,2010,,-7.4,,,,,
dataflow,ESTAT:PRC_HPI_A(1.0),House price index (2015 = 100) - annual data,A,Annual,TOTAL,Total,RCH_A_AVG,Annual average rate of change,LT,Lithuania,2011,,6.6,,,,,
dataflow,ESTAT:PRC_HPI_A(1.0),House price index (2015 = 100) - annual data,A,Annual,TOTAL,Total,RCH_A_AVG,Annual average rate of change,LT,Lithuania,2012,,-0.2,,,,,
dataflow,ESTAT:PRC_HPI_A(1.0),House price index (2015 = 100) - annual data,A,Annual,TOTAL,Total,RCH_A_AVG,Annual average rate of change,LT,Lithuania,2013,,1.2,,,,,
dataflow,ESTAT:PRC_HPI_A(1.0),House price index (2015 = 100) - annual data,A,Annual,TOTAL,Total,RCH_A_AVG,Annual average rate of change,LT,Lithuania,2014,,6.4,,,,,
dataflow,ESTAT:PRC_HPI_A(1.0),House price index (2015 = 100) - annual data,A,Annual,TOTAL,Total,RCH_A_AVG,Annual average rate of change,LT,Lithuania,2015,,3.7,,,,,
dataflow,ESTAT:PRC_HPI_A(1.0),House price index (2015 = 100) - annual data,A,Annual,TOTAL,Total,RCH_A_AVG,Annual average rate of change,LT,Lithuania,2016,,5.4,,,,,
dataflow,ESTAT:PRC_HPI_A(1.0),House price index (2015 = 100) - annual data,A,Annual,TOTAL,Total,RCH_A_AVG,Annual average rate of change,LT,Lithuania,2017,,8.9,,,,,
dataflow,ESTAT:PRC_HPI_A(1.0),House price index (2015 = 100) - annual data,A,Annual,TOTAL,Total,RCH_A_AVG,Annual average rate of change,LT,Lithuania,2018,,7.3,,,,,
dataflow,ESTAT:PRC_HPI_A(1.0),House price index (2015 = 100) - annual data,A,Annual,TOTAL,Total,RCH_A_AVG,Annual average rate of change,LT,Lithuania,2019,,6.8,,,,,
dataflow,ESTAT:PRC_HPI_A(1.0),House price index (2015 = 100) - annual data,A,Annual,TOTAL,Total,RCH_A_AVG,Annual average rate of change,LT,Lithuania,2020,,7.3,,,,,
dataflow,ESTAT:PRC_HPI_A(1.0),House price index (2015 = 100) - annual data,A,Annual,TOTAL,Total,RCH_A_AVG,Annual average rate of change,LT,Lithuania,2021,,16.1,,,,,
dataflow,ESTAT:PRC_HPI_A(1.0),House price index (2015 = 100) - annual data,A,Annual,TOTAL,Total,RCH_A_AVG,Annual average rate of change,LT,Lithuania,2022,,19.0,,,,,
dataflow,ESTAT:PRC_HPI_A(1.0),House price index (2015 = 100) - annual data,A,Annual,TOTAL,Total,RCH_A_AVG,Annual average rate of change,LT,Lithuania,2023,,9.8,,,,,
dataflow,ESTAT:PRC_HPI_A(1.0),House price index (2015 = 100) - annual data,A,Annual,TOTAL,Total,RCH_A_AVG,Annual average rate of change,LT,Lithuania,2024,,9.7,,,,,
dataflow,ESTAT:PRC_HPI_A(1.0),House price index (2015 = 100) - annual data,A,Annual,TOTAL,Total,RCH_A_AVG,Annual average rate of change,LU,Luxembourg,2010,,5.4,,,,,
dataflow,ESTAT:PRC_HPI_A(1.0),House price index (2015 = 100) - annual data,A,Annual,TOTAL,Total,RCH_A_AVG,Annual average rate of change,LU,Luxembourg,2011,,3.7,,,,,
dataflow,ESTAT:PRC_HPI_A(1.0),House price index (2015 = 100) - annual data,A,Annual,TOTAL,Total,RCH_A_AVG,Annual average rate of change,LU,Luxembourg,2012,,4.2,,,,,
dataflow,ESTAT:PRC_HPI_A(1.0),House price index (2015 = 100) - annual data,A,Annual,TOTAL,Total,RCH_A_AVG,Annual average rate of change,LU,Luxembourg,2013,,5.0,,,,,
dataflow,ESTAT:PRC_HPI_A(1.0),House price index (2015 = 100) - annual data,A,Annual,TOTAL,Total,RCH_A_AVG,Annual average rate of change,LU,Luxembourg,2014,,4.4,,,,,
dataflow,ESTAT:PRC_HPI_A(1.0),House price index (2015 = 100) - annual data,A,Annual,TOTAL,Total,RCH_A_AVG,Annual average rate of change,LU,Luxembourg,2015,,5.4,,,,,
dataflow,ESTAT:PRC_HPI_A(1.0),House price index (2015 = 100) - annual data,A,Annual,TOTAL,Total,RCH_A_AVG,Annual average rate of change,LU,Luxembourg,2016,,6.0,,,,,
dataflow,ESTAT:PRC_HPI_A(1.0),House price index (2015 = 100) - annual data,A,Annual,TOTAL,Total,RCH_A_AVG,Annual average rate of change,LU,Luxembourg,2017,,5.6,,,,,
dataflow,ESTAT:PRC_HPI_A(1.0),House price index (2015 = 100) - annual data,A,Annual,TOTAL,Total,RCH_A_AVG,Annual average rate of change,LU,Luxembourg,2018,,7.1,,,,,
dataflow,ESTAT:PRC_HPI_A(1.0),House price index (2015 = 100) - annual data,A,Annual,TOTAL,Total,RCH_A_AVG,Annual average rate of change,LU,Luxembourg,2019,,10.1,,,,,
dataflow,ESTAT:PRC_HPI_A(1.0),House price index (2015 = 100) - annual data,A,Annual,TOTAL,Total,RCH_A_AVG,Annual average rate of change,LU,Luxembourg,2020,,14.5,,,,,
dataflow,ESTAT:PRC_HPI_A(1.0),House price index (2015 = 100) - annual data,A,Annual,TOTAL,Total,RCH_A_AVG,Annual average rate of change,LU,Luxembourg,2021,,13.9,,,,,
dataflow,ESTAT:PRC_HPI_A(1.0),House price index (2015 = 100) - annual data,A,Annual,TOTAL,Total,RCH_A_AVG,Annual average rate of change,LU,Luxembourg,2022,,9.6,,,,,
dataflow,ESTAT:PRC_HPI_A(1.0),House price index (2015 = 100) - annual data,A,Annual,TOTAL,Total,RCH_A_AVG,Annual average rate of change,LU,Luxembourg,2023,,-9.1,,,,,
dataflow,ESTAT:PRC_HPI_A(1.0),House price index (2015 = 100) - annual data,A,Annual,TOTAL,Total,RCH_A_AVG,Annual average rate of change,LU,Luxembourg,2024,,-5.2,,,,,
dataflow,ESTAT:PRC_HPI_A(1.0),House price index (2015 = 100) - annual data,A,Annual,TOTAL,Total,RCH_A_AVG,Annual average rate of change,LV,Latvia,2010,,-11.0,,,,,
dataflow,ESTAT:PRC_HPI_A(1.0),House price index (2015 = 100) - annual data,A,Annual,TOTAL,Total,RCH_A_AVG,Annual average rate of change,LV,Latvia,2011,,10.4,,,,,
dataflow,ESTAT:PRC_HPI_A(1.0),House price index (2015 = 100) - annual data,A,Annual,TOTAL,Total,RCH_A_AVG,Annual average rate of change,LV,Latvia,2012,,3.0,,,,,
dataflow,ESTAT:PRC_HPI_A(1.0),House price index (2015 = 100) - annual data,A,Annual,TOTAL,Total,RCH_A_AVG,Annual average rate of change,LV,Latvia,2013,,6.9,,,,,
dataflow,ESTAT:PRC_HPI_A(1.0),House price index (2015 = 100) - annual data,A,Annual,TOTAL,Total,RCH_A_AVG,Annual average rate of change,LV,Latvia,2014,,6.0,,,,,
dataflow,ESTAT:PRC_HPI_A(1.0),House price index (2015 = 100) - annual data,A,Annual,TOTAL,Total,RCH_A_AVG,Annual average rate of change,LV,Latvia,2015,,-3.4,,,,,
dataflow,ESTAT:PRC_HPI_A(1.0),House price index (2015 = 100) - annual data,A,Annual,TOTAL,Total,RCH_A_AVG,Annual average rate of change,LV,Latvia,2016,,8.5,,,,,
dataflow,ESTAT:PRC_HPI_A(1.0),House price index (2015 = 100) - annual data,A,Annual,TOTAL,Total,RCH_A_AVG,Annual average rate of change,LV,Latvia,2017,,8.8,,,,,
dataflow,ESTAT:PRC_HPI_A(1.0),House price index (2015 = 100) - annual data,A,Annual,TOTAL,Total,RCH_A_AVG,Annual average rate of change,LV,Latvia,2018,,9.6,,,,,
dataflow,ESTAT:PRC_HPI_A(1.0),House price index (2015 = 100) - annual data,A,Annual,TOTAL,Total,RCH_A_AVG,Annual average rate of change,LV,Latvia,2019,,9.0,,,,,
dataflow,ESTAT:PRC_HPI_A(1.0),House price index (2015 = 100) - annual data,A,Annual,TOTAL,Total,RCH_A_AVG,Annual average rate of change,LV,Latvia,2020,,3.5,,,,,
dataflow,ESTAT:PRC_HPI_A(1.0),House price index (2015 = 100) - annual data,A,Annual,TOTAL,Total,RCH_A_AVG,Annual average rate of change,LV,Latvia,2021,,10.9,,,,,
dataflow,ESTAT:PRC_HPI_A(1.0),House price index (2015 = 100) - annual data,A,Annual,TOTAL,Total,RCH_A_AVG,Annual average rate of change,LV,Latvia,2022,,13.8,,,,,
dataflow,ESTAT:PRC_HPI_A(1.0),House price index (2015 = 100) - annual data,A,Annual,TOTAL,Total,RCH_A_AVG,Annual average rate of change,LV,Latvia,2023,,3.7,,,,,
dataflow,ESTAT:PRC_HPI_A(1.0),House price index (2015 = 100) - annual data,A,Annual,TOTAL,Total,RCH_A_AVG,Annual average rate of change,LV,Latvia,2024,,4.2,,,,,
dataflow,ESTAT:PRC_HPI_A(1.0),House price index (2015 = 100) - annual data,A,Annual,TOTAL,Total,RCH_A_AVG,Annual average rate of change,MT,Malta,2010,,1.1,,,,,
dataflow,ESTAT:PRC_HPI_A(1.0),House price index (2015 = 100) - annual data,A,Annual,TOTAL,Total,RCH_A_AVG,Annual average rate of change,MT,Malta,2011,,-1.4,,,,,
dataflow,ESTAT:PRC_HPI_A(1.0),House price index (2015 = 100) - annual data,A,Annual,TOTAL,Total,RCH_A_AVG,Annual average rate of change,MT,Malta,2012,,3.0,,,,,
dataflow,ESTAT:PRC_HPI_A(1.0),House price index (2015 = 100) - annual data,A,Annual,TOTAL,Total,RCH_A_AVG,Annual average rate of change,MT,Malta,2013,,-0.4,,,,,
dataflow,ESTAT:PRC_HPI_A(1.0),House price index (2015 = 100) - annual data,A,Annual,TOTAL,Total,RCH_A_AVG,Annual average rate of change,MT,Malta,2014,,2.6,,,,,
dataflow,ESTAT:PRC_HPI_A(1.0),House price index (2015 = 100) - annual data,A,Annual,TOTAL,Total,RCH_A_AVG,Annual average rate of change,MT,Malta,2015,,5.8,,,,,
dataflow,ESTAT:PRC_HPI_A(1.0),House price index (2015 = 100) - annual data,A,Annual,TOTAL,Total,RCH_A_AVG,Annual average rate of change,MT,Malta,2016,,5.4,,,,,
dataflow,ESTAT:PRC_HPI_A(1.0),House price index (2015 = 100) - annual data,A,Annual,TOTAL,Total,RCH_A_AVG,Annual average rate of change,MT,Malta,2017,,5.3,,,,,
dataflow,ESTAT:PRC_HPI_A(1.0),House price index (2015 = 100) - annual data,A,Annual,TOTAL,Total,RCH_A_AVG,Annual average rate of change,MT,Malta,2018,,5.8,,,,,
dataflow,ESTAT:PRC_HPI_A(1.0),House price index (2015 = 100) - annual data,A,Annual,TOTAL,Total,RCH_A_AVG,Annual average rate of change,MT,Malta,2019,,6.1,,,,,
dataflow,ESTAT:PRC_HPI_A(1.0),House price index (2015 = 100) - annual data,A,Annual,TOTAL,Total,RCH_A_AVG,Annual average rate of change,MT,Malta,2020,,3.4,,,,,
dataflow,ESTAT:PRC_HPI_A(1.0),House price index (2015 = 100) - annual data,A,Annual,TOTAL,Total,RCH_A_AVG,Annual average rate of change,MT,Malta,2021,,5.1,,,,,
dataflow,ESTAT:PRC_HPI_A(1.0),House price index (2015 = 100) - annual data,A,Annual,TOTAL,Total,RCH_A_AVG,Annual average rate of change,MT,Malta,2022,,6.7,,,,,
dataflow,ESTAT:PRC_HPI_A(1.0),House price index (2015 = 100) - annual data,A,Annual,TOTAL,Total,RCH_A_AVG,Annual average rate of change,MT,Malta,2023,,6.2,,,,,
dataflow,ESTAT:PRC_HPI_A(1.0),House price index (2015 = 100) - annual data,A,Annual,TOTAL,Total,RCH_A_AVG,Annual average rate of change,MT,Malta,2024,,6.7,,p,provisional,,
dataflow,ESTAT:PRC_HPI_A(1.0),House price index (2015 = 100) - annual data,A,Annual,TOTAL,Total,RCH_A_AVG,Annual average rate of change,NL,Netherlands,2010,,-1.7,,,,,
dataflow,ESTAT:PRC_HPI_A(1.0),House price index (2015 = 100) - annual data,A,Annual,TOTAL,Total,RCH_A_AVG,Annual average rate of change,NL,Netherlands,2011,,-2.0,,,,,
dataflow,ESTAT:PRC_HPI_A(1.0),House price index (2015 = 100) - annual data,A,Annual,TOTAL,Total,RCH_A_AVG,Annual average rate of change,NL,Netherlands,2012,,-6.7,,,,,
dataflow,ESTAT:PRC_HPI_A(1.0),House price index (2015 = 100) - annual data,A,Annual,TOTAL,Total,RCH_A_AVG,Annual average rate of change,NL,Netherlands,2013,,-6.0,,,,,
dataflow,ESTAT:PRC_HPI_A(1.0),House price index (2015 = 100) - annual data,A,Annual,TOTAL,Total,RCH_A_AVG,Annual average rate of change,NL,Netherlands,2014,,0.8,,,,,
dataflow,ESTAT:PRC_HPI_A(1.0),House price index (2015 = 100) - annual data,A,Annual,TOTAL,Total,RCH_A_AVG,Annual average rate of change,NL,Netherlands,2015,,3.5,,,,,
dataflow,ESTAT:PRC_HPI_A(1.0),House price index (2015 = 100) - annual data,A,Annual,TOTAL,Total,RCH_A_AVG,Annual average rate of change,NL,Netherlands,2016,,5.3,,,,,
dataflow,ESTAT:PRC_HPI_A(1.0),House price index (2015 = 100) - annual data,A,Annual,TOTAL,Total,RCH_A_AVG,Annual average rate of change,NL,Netherlands,2017,,8.1,,,,,
dataflow,ESTAT:PRC_HPI_A(1.0),House price index (2015 = 100) - annual data,A,Annual,TOTAL,Total,RCH_A_AVG,Annual average rate of change,NL,Netherlands,2018,,9.3,,,,,
dataflow,ESTAT:PRC_HPI_A(1.0),House price index (2015 = 100) - annual data,A,Annual,TOTAL,Total,RCH_A_AVG,Annual average rate of change,NL,Netherlands,2019,,7.2,,,,,
dataflow,ESTAT:PRC_HPI_A(1.0),House price index (2015 = 100) - annual data,A,Annual,TOTAL,Total,RCH_A_AVG,Annual average rate of change,NL,Netherlands,2020,,8.0,,,,,
dataflow,ESTAT:PRC_HPI_A(1.0),House price index (2015 = 100) - annual data,A,Annual,TOTAL,Total,RCH_A_AVG,Annual average rate of change,NL,Netherlands,2021,,14.5,,,,,
dataflow,ESTAT:PRC_HPI_A(1.0),House price index (2015 = 100) - annual data,A,Annual,TOTAL,Total,RCH_A_AVG,Annual average rate of change,NL,Netherlands,2022,,13.3,,,,,
dataflow,ESTAT:PRC_HPI_A(1.0),House price index (2015 = 100) - annual data,A,Annual,TOTAL,Total,RCH_A_AVG,Annual average rate of change,NL,Netherlands,2023,,-1.9,,,,,
dataflow,ESTAT:PRC_HPI_A(1.0),House price index (2015 = 100) - annual data,A,Annual,TOTAL,Total,RCH_A_AVG,Annual average rate of change,NL,Netherlands,2024,,8.2,,,,,
dataflow,ESTAT:PRC_HPI_A(1.0),House price index (2015 = 100) - annual data,A,Annual,TOTAL,Total,RCH_A_AVG,Annual average rate of change,NO,Norway,2010,,8.3,,d,definition differs (see metadata),,
dataflow,ESTAT:PRC_HPI_A(1.0),House price index (2015 = 100) - annual data,A,Annual,TOTAL,Total,RCH_A_AVG,Annual average rate of change,NO,Norway,2011,,8.2,,,,,
dataflow,ESTAT:PRC_HPI_A(1.0),House price index (2015 = 100) - annual data,A,Annual,TOTAL,Total,RCH_A_AVG,Annual average rate of change,NO,Norway,2012,,6.7,,,,,
dataflow,ESTAT:PRC_HPI_A(1.0),House price index (2015 = 100) - annual data,A,Annual,TOTAL,Total,RCH_A_AVG,Annual average rate of change,NO,Norway,2013,,4.3,,,,,
dataflow,ESTAT:PRC_HPI_A(1.0),House price index (2015 = 100) - annual data,A,Annual,TOTAL,Total,RCH_A_AVG,Annual average rate of change,NO,Norway,2014,,2.7,,,,,
dataflow,ESTAT:PRC_HPI_A(1.0),House price index (2015 = 100) - annual data,A,Annual,TOTAL,Total,RCH_A_AVG,Annual average rate of change,NO,Norway,2015,,6.7,,,,,
dataflow,ESTAT:PRC_HPI_A(1.0),House price index (2015 = 100) - annual data,A,Annual,TOTAL,Total,RCH_A_AVG,Annual average rate of change,NO,Norway,2016,,7.9,,,,,
dataflow,ESTAT:PRC_HPI_A(1.0),House price index (2015 = 100) - annual data,A,Annual,TOTAL,Total,RCH_A_AVG,Annual average rate of change,NO,Norway,2017,,5.4,,,,,
dataflow,ESTAT:PRC_HPI_A(1.0),House price index (2015 = 100) - annual data,A,Annual,TOTAL,Total,RCH_A_AVG,Annual average rate of change,NO,Norway,2018,,1.6,,,,,
dataflow,ESTAT:PRC_HPI_A(1.0),House price index (2015 = 100) - annual data,A,Annual,TOTAL,Total,RCH_A_AVG,Annual average rate of change,NO,Norway,2019,,4.0,,,,,
dataflow,ESTAT:PRC_HPI_A(1.0),House price index (2015 = 100) - annual data,A,Annual,TOTAL,Total,RCH_A_AVG,Annual average rate of change,NO,Norway,2020,,4.9,,,,,
dataflow,ESTAT:PRC_HPI_A(1.0),House price index (2015 = 100) - annual data,A,Annual,TOTAL,Total,RCH_A_AVG,Annual average rate of change,NO,Norway,2021,,9.2,,,,,
dataflow,ESTAT:PRC_HPI_A(1.0),House price index (2015 = 100) - annual data,A,Annual,TOTAL,Total,RCH_A_AVG,Annual average rate of change,NO,Norway,2022,,5.9,,,,,
dataflow,ESTAT:PRC_HPI_A(1.0),House price index (2015 = 100) - annual data,A,Annual,TOTAL,Total,RCH_A_AVG,Annual average rate of change,NO,Norway,2023,,1.3,,,,,
dataflow,ESTAT:PRC_HPI_A(1.0),House price index (2015 = 100) - annual data,A,Annual,TOTAL,Total,RCH_A_AVG,Annual average rate of change,NO,Norway,2024,,3.6,,,,,
dataflow,ESTAT:PRC_HPI_A(1.0),House price index (2015 = 100) - annual data,A,Annual,TOTAL,Total,RCH_A_AVG,Annual average rate of change,PL,Poland,2011,,0.1,,,,,
dataflow,ESTAT:PRC_HPI_A(1.0),House price index (2015 = 100) - annual data,A,Annual,TOTAL,Total,RCH_A_AVG,Annual average rate of change,PL,Poland,2012,,-3.5,,,,,
dataflow,ESTAT:PRC_HPI_A(1.0),House price index (2015 = 100) - annual data,A,Annual,TOTAL,Total,RCH_A_AVG,Annual average rate of change,PL,Poland,2013,,-4.4,,,,,
dataflow,ESTAT:PRC_HPI_A(1.0),House price index (2015 = 100) - annual data,A,Annual,TOTAL,Total,RCH_A_AVG,Annual average rate of change,PL,Poland,2014,,1.0,,,,,
dataflow,ESTAT:PRC_HPI_A(1.0),House price index (2015 = 100) - annual data,A,Annual,TOTAL,Total,RCH_A_AVG,Annual average rate of change,PL,Poland,2015,,1.5,,,,,
dataflow,ESTAT:PRC_HPI_A(1.0),House price index (2015 = 100) - annual data,A,Annual,TOTAL,Total,RCH_A_AVG,Annual average rate of change,PL,Poland,2016,,1.9,,,,,
dataflow,ESTAT:PRC_HPI_A(1.0),House price index (2015 = 100) - annual data,A,Annual,TOTAL,Total,RCH_A_AVG,Annual average rate of change,PL,Poland,2017,,3.9,,,,,
dataflow,ESTAT:PRC_HPI_A(1.0),House price index (2015 = 100) - annual data,A,Annual,TOTAL,Total,RCH_A_AVG,Annual average rate of change,PL,Poland,2018,,6.6,,,,,
dataflow,ESTAT:PRC_HPI_A(1.0),House price index (2015 = 100) - annual data,A,Annual,TOTAL,Total,RCH_A_AVG,Annual average rate of change,PL,Poland,2019,,8.7,,,,,
dataflow,ESTAT:PRC_HPI_A(1.0),House price index (2015 = 100) - annual data,A,Annual,TOTAL,Total,RCH_A_AVG,Annual average rate of change,PL,Poland,2020,,10.5,,,,,
dataflow,ESTAT:PRC_HPI_A(1.0),House price index (2015 = 100) - annual data,A,Annual,TOTAL,Total,RCH_A_AVG,Annual average rate of change,PL,Poland,2021,,9.2,,,,,
dataflow,ESTAT:PRC_HPI_A(1.0),House price index (2015 = 100) - annual data,A,Annual,TOTAL,Total,RCH_A_AVG,Annual average rate of change,PL,Poland,2022,,11.8,,,,,
dataflow,ESTAT:PRC_HPI_A(1.0),House price index (2015 = 100) - annual data,A,Annual,TOTAL,Total,RCH_A_AVG,Annual average rate of change,PL,Poland,2023,,8.8,,,,,
dataflow,ESTAT:PRC_HPI_A(1.0),House price index (2015 = 100) - annual data,A,Annual,TOTAL,Total,RCH_A_AVG,Annual average rate of change,PL,Poland,2024,,15.0,,,,,
dataflow,ESTAT:PRC_HPI_A(1.0),House price index (2015 = 100) - annual data,A,Annual,TOTAL,Total,RCH_A_AVG,Annual average rate of change,PT,Portugal,2010,,0.8,,,,,
dataflow,ESTAT:PRC_HPI_A(1.0),House price index (2015 = 100) - annual data,A,Annual,TOTAL,Total,RCH_A_AVG,Annual average rate of change,PT,Portugal,2011,,-4.9,,,,,
dataflow,ESTAT:PRC_HPI_A(1.0),House price index (2015 = 100) - annual data,A,Annual,TOTAL,Total,RCH_A_AVG,Annual average rate of change,PT,Portugal,2012,,-7.1,,,,,
dataflow,ESTAT:PRC_HPI_A(1.0),House price index (2015 = 100) - annual data,A,Annual,TOTAL,Total,RCH_A_AVG,Annual average rate of change,PT,Portugal,2013,,-1.9,,,,,
dataflow,ESTAT:PRC_HPI_A(1.0),House price index (2015 = 100) - annual data,A,Annual,TOTAL,Total,RCH_A_AVG,Annual average rate of change,PT,Portugal,2014,,4.2,,,,,
dataflow,ESTAT:PRC_HPI_A(1.0),House price index (2015 = 100) - annual data,A,Annual,TOTAL,Total,RCH_A_AVG,Annual average rate of change,PT,Portugal,2015,,3.1,,,,,
dataflow,ESTAT:PRC_HPI_A(1.0),House price index (2015 = 100) - annual data,A,Annual,TOTAL,Total,RCH_A_AVG,Annual average rate of change,PT,Portugal,2016,,7.1,,,,,
dataflow,ESTAT:PRC_HPI_A(1.0),House price index (2015 = 100) - annual data,A,Annual,TOTAL,Total,RCH_A_AVG,Annual average rate of change,PT,Portugal,2017,,9.2,,,,,
dataflow,ESTAT:PRC_HPI_A(1.0),House price index (2015 = 100) - annual data,A,Annual,TOTAL,Total,RCH_A_AVG,Annual average rate of change,PT,Portugal,2018,,10.3,,,,,
dataflow,ESTAT:PRC_HPI_A(1.0),House price index (2015 = 100) - annual data,A,Annual,TOTAL,Total,RCH_A_AVG,Annual average rate of change,PT,Portugal,2019,,10.0,,,,,
dataflow,ESTAT:PRC_HPI_A(1.0),House price index (2015 = 100) - annual data,A,Annual,TOTAL,Total,RCH_A_AVG,Annual average rate of change,PT,Portugal,2020,,8.8,,,,,
dataflow,ESTAT:PRC_HPI_A(1.0),House price index (2015 = 100) - annual data,A,Annual,TOTAL,Total,RCH_A_AVG,Annual average rate of change,PT,Portugal,2021,,9.4,,,,,
dataflow,ESTAT:PRC_HPI_A(1.0),House price index (2015 = 100) - annual data,A,Annual,TOTAL,Total,RCH_A_AVG,Annual average rate of change,PT,Portugal,2022,,12.6,,,,,
dataflow,ESTAT:PRC_HPI_A(1.0),House price index (2015 = 100) - annual data,A,Annual,TOTAL,Total,RCH_A_AVG,Annual average rate of change,PT,Portugal,2023,,8.2,,,,,
dataflow,ESTAT:PRC_HPI_A(1.0),House price index (2015 = 100) - annual data,A,Annual,TOTAL,Total,RCH_A_AVG,Annual average rate of change,PT,Portugal,2024,,9.1,,,,,
dataflow,ESTAT:PRC_HPI_A(1.0),House price index (2015 = 100) - annual data,A,Annual,TOTAL,Total,RCH_A_AVG,Annual average rate of change,RO,Romania,2010,,-7.5,,,,,
dataflow,ESTAT:PRC_HPI_A(1.0),House price index (2015 = 100) - annual data,A,Annual,TOTAL,Total,RCH_A_AVG,Annual average rate of change,RO,Romania,2011,,-12.3,,,,,
dataflow,ESTAT:PRC_HPI_A(1.0),House price index (2015 = 100) - annual data,A,Annual,TOTAL,Total,RCH_A_AVG,Annual average rate of change,RO,Romania,2012,,-5.1,,,,,
dataflow,ESTAT:PRC_HPI_A(1.0),House price index (2015 = 100) - annual data,A,Annual,TOTAL,Total,RCH_A_AVG,Annual average rate of change,RO,Romania,2013,,-0.3,,,,,
dataflow,ESTAT:PRC_HPI_A(1.0),House price index (2015 = 100) - annual data,A,Annual,TOTAL,Total,RCH_A_AVG,Annual average rate of change,RO,Romania,2014,,-2.1,,,,,
dataflow,ESTAT:PRC_HPI_A(1.0),House price index (2015 = 100) - annual data,A,Annual,TOTAL,Total,RCH_A_AVG,Annual average rate of change,RO,Romania,2015,,2.9,,,,,
dataflow,ESTAT:PRC_HPI_A(1.0),House price index (2015 = 100) - annual data,A,Annual,TOTAL,Total,RCH_A_AVG,Annual average rate of change,RO,Romania,2016,,6.0,,,,,
dataflow,ESTAT:PRC_HPI_A(1.0),House price index (2015 = 100) - annual data,A,Annual,TOTAL,Total,RCH_A_AVG,Annual average rate of change,RO,Romania,2017,,6.0,,,,,
dataflow,ESTAT:PRC_HPI_A(1.0),House price index (2015 = 100) - annual data,A,Annual,TOTAL,Total,RCH_A_AVG,Annual average rate of change,RO,Romania,2018,,5.6,,,,,
dataflow,ESTAT:PRC_HPI_A(1.0),House price index (2015 = 100) - annual data,A,Annual,TOTAL,Total,RCH_A_AVG,Annual average rate of change,RO,Romania,2019,,3.4,,,,,
dataflow,ESTAT:PRC_HPI_A(1.0),House price index (2015 = 100) - annual data,A,Annual,TOTAL,Total,RCH_A_AVG,Annual average rate of change,RO,Romania,2020,,4.7,,,,,
dataflow,ESTAT:PRC_HPI_A(1.0),House price index (2015 = 100) - annual data,A,Annual,TOTAL,Total,RCH_A_AVG,Annual average rate of change,RO,Romania,2021,,4.4,,,,,
dataflow,ESTAT:PRC_HPI_A(1.0),House price index (2015 = 100) - annual data,A,Annual,TOTAL,Total,RCH_A_AVG,Annual average rate of change,RO,Romania,2022,,7.2,,,,,
dataflow,ESTAT:PRC_HPI_A(1.0),House price index (2015 = 100) - annual data,A,Annual,TOTAL,Total,RCH_A_AVG,Annual average rate of change,RO,Romania,2023,,3.3,,,,,
dataflow,ESTAT:PRC_HPI_A(1.0),House price index (2015 = 100) - annual data,A,Annual,TOTAL,Total,RCH_A_AVG,Annual average rate of change,RO,Romania,2024,,5.0,,,,,
dataflow,ESTAT:PRC_HPI_A(1.0),House price index (2015 = 100) - annual data,A,Annual,TOTAL,Total,RCH_A_AVG,Annual average rate of change,SE,Sweden,2010,,7.9,,,,,
dataflow,ESTAT:PRC_HPI_A(1.0),House price index (2015 = 100) - annual data,A,Annual,TOTAL,Total,RCH_A_AVG,Annual average rate of change,SE,Sweden,2011,,2.6,,,,,
dataflow,ESTAT:PRC_HPI_A(1.0),House price index (2015 = 100) - annual data,A,Annual,TOTAL,Total,RCH_A_AVG,Annual average rate of change,SE,Sweden,2012,,1.3,,,,,
dataflow,ESTAT:PRC_HPI_A(1.0),House price index (2015 = 100) - annual data,A,Annual,TOTAL,Total,RCH_A_AVG,Annual average rate of change,SE,Sweden,2013,,5.2,,,,,
dataflow,ESTAT:PRC_HPI_A(1.0),House price index (2015 = 100) - annual data,A,Annual,TOTAL,Total,RCH_A_AVG,Annual average rate of change,SE,Sweden,2014,,9.4,,,,,
dataflow,ESTAT:PRC_HPI_A(1.0),House price index (2015 = 100) - annual data,A,Annual,TOTAL,Total,RCH_A_AVG,Annual average rate of change,SE,Sweden,2015,,13.1,,,,,
dataflow,ESTAT:PRC_HPI_A(1.0),House price index (2015 = 100) - annual data,A,Annual,TOTAL,Total,RCH_A_AVG,Annual average rate of change,SE,Sweden,2016,,8.2,,,,,
dataflow,ESTAT:PRC_HPI_A(1.0),House price index (2015 = 100) - annual data,A,Annual,TOTAL,Total,RCH_A_AVG,Annual average rate of change,SE,Sweden,2017,,6.6,,,,,
dataflow,ESTAT:PRC_HPI_A(1.0),House price index (2015 = 100) - annual data,A,Annual,TOTAL,Total,RCH_A_AVG,Annual average rate of change,SE,Sweden,2018,,-0.9,,,,,
dataflow,ESTAT:PRC_HPI_A(1.0),House price index (2015 = 100) - annual data,A,Annual,TOTAL,Total,RCH_A_AVG,Annual average rate of change,SE,Sweden,2019,,2.5,,,,,
dataflow,ESTAT:PRC_HPI_A(1.0),House price index (2015 = 100) - annual data,A,Annual,TOTAL,Total,RCH_A_AVG,Annual average rate of change,SE,Sweden,2020,,4.2,,,,,
dataflow,ESTAT:PRC_HPI_A(1.0),House price index (2015 = 100) - annual data,A,Annual,TOTAL,Total,RCH_A_AVG,Annual average rate of change,SE,Sweden,2021,,10.1,,,,,
dataflow,ESTAT:PRC_HPI_A(1.0),House price index (2015 = 100) - annual data,A,Annual,TOTAL,Total,RCH_A_AVG,Annual average rate of change,SE,Sweden,2022,,3.6,,,,,
dataflow,ESTAT:PRC_HPI_A(1.0),House price index (2015 = 100) - annual data,A,Annual,TOTAL,Total,RCH_A_AVG,Annual average rate of change,SE,Sweden,2023,,-5.3,,,,,
dataflow,ESTAT:PRC_HPI_A(1.0),House price index (2015 = 100) - annual data,A,Annual,TOTAL,Total,RCH_A_AVG,Annual average rate of change,SE,Sweden,2024,,0.1,,,,,
dataflow,ESTAT:PRC_HPI_A(1.0),House price index (2015 = 100) - annual data,A,Annual,TOTAL,Total,RCH_A_AVG,Annual average rate of change,SI,Slovenia,2010,,0.1,,,,,
dataflow,ESTAT:PRC_HPI_A(1.0),House price index (2015 = 100) - annual data,A,Annual,TOTAL,Total,RCH_A_AVG,Annual average rate of change,SI,Slovenia,2011,,2.7,,,,,
dataflow,ESTAT:PRC_HPI_A(1.0),House price index (2015 = 100) - annual data,A,Annual,TOTAL,Total,RCH_A_AVG,Annual average rate of change,SI,Slovenia,2012,,-6.9,,,,,
dataflow,ESTAT:PRC_HPI_A(1.0),House price index (2015 = 100) - annual data,A,Annual,TOTAL,Total,RCH_A_AVG,Annual average rate of change,SI,Slovenia,2013,,-5.2,,,,,
dataflow,ESTAT:PRC_HPI_A(1.0),House price index (2015 = 100) - annual data,A,Annual,TOTAL,Total,RCH_A_AVG,Annual average rate of change,SI,Slovenia,2014,,-6.6,,,,,
dataflow,ESTAT:PRC_HPI_A(1.0),House price index (2015 = 100) - annual data,A,Annual,TOTAL,Total,RCH_A_AVG,Annual average rate of change,SI,Slovenia,2015,,0.8,,,,,
dataflow,ESTAT:PRC_HPI_A(1.0),House price index (2015 = 100) - annual data,A,Annual,TOTAL,Total,RCH_A_AVG,Annual average rate of change,SI,Slovenia,2016,,3.3,,,,,
dataflow,ESTAT:PRC_HPI_A(1.0),House price index (2015 = 100) - annual data,A,Annual,TOTAL,Total,RCH_A_AVG,Annual average rate of change,SI,Slovenia,2017,,8.3,,,,,
dataflow,ESTAT:PRC_HPI_A(1.0),House price index (2015 = 100) - annual data,A,Annual,TOTAL,Total,RCH_A_AVG,Annual average rate of change,SI,Slovenia,2018,,8.7,,,,,
dataflow,ESTAT:PRC_HPI_A(1.0),House price index (2015 = 100) - annual data,A,Annual,TOTAL,Total,RCH_A_AVG,Annual average rate of change,SI,Slovenia,2019,,6.7,,,,,
dataflow,ESTAT:PRC_HPI_A(1.0),House price index (2015 = 100) - annual data,A,Annual,TOTAL,Total,RCH_A_AVG,Annual average rate of change,SI,Slovenia,2020,,4.6,,,,,
dataflow,ESTAT:PRC_HPI_A(1.0),House price index (2015 = 100) - annual data,A,Annual,TOTAL,Total,RCH_A_AVG,Annual average rate of change,SI,Slovenia,2021,,11.5,,,,,
dataflow,ESTAT:PRC_HPI_A(1.0),House price index (2015 = 100) - annual data,A,Annual,TOTAL,Total,RCH_A_AVG,Annual average rate of change,SI,Slovenia,2022,,14.8,,,,,
dataflow,ESTAT:PRC_HPI_A(1.0),House price index (2015 = 100) - annual data,A,Annual,TOTAL,Total,RCH_A_AVG,Annual average rate of change,SI,Slovenia,2023,,7.2,,,,,
dataflow,ESTAT:PRC_HPI_A(1.0),House price index (2015 = 100) - annual data,A,Annual,TOTAL,Total,RCH_A_AVG,Annual average rate of change,SI,Slovenia,2024,,7.5,,,,,
dataflow,ESTAT:PRC_HPI_A(1.0),House price index (2015 = 100) - annual data,A,Annual,TOTAL,Total,RCH_A_AVG,Annual average rate of change,SK,Slovakia,2010,,-3.7,,,,,
dataflow,ESTAT:PRC_HPI_A(1.0),House price index (2015 = 100) - annual data,A,Annual,TOTAL,Total,RCH_A_AVG,Annual average rate of change,SK,Slovakia,2011,,-1.5,,,,,
dataflow,ESTAT:PRC_HPI_A(1.0),House price index (2015 = 100) - annual data,A,Annual,TOTAL,Total,RCH_A_AVG,Annual average rate of change,SK,Slovakia,2012,,-2.8,,,,,
dataflow,ESTAT:PRC_HPI_A(1.0),House price index (2015 = 100) - annual data,A,Annual,TOTAL,Total,RCH_A_AVG,Annual average rate of change,SK,Slovakia,2013,,0.8,,,,,
dataflow,ESTAT:PRC_HPI_A(1.0),House price index (2015 = 100) - annual data,A,Annual,TOTAL,Total,RCH_A_AVG,Annual average rate of change,SK,Slovakia,2014,,1.4,,,,,
dataflow,ESTAT:PRC_HPI_A(1.0),House price index (2015 = 100) - annual data,A,Annual,TOTAL,Total,RCH_A_AVG,Annual average rate of change,SK,Slovakia,2015,,5.3,,,,,
dataflow,ESTAT:PRC_HPI_A(1.0),House price index (2015 = 100) - annual data,A,Annual,TOTAL,Total,RCH_A_AVG,Annual average rate of change,SK,Slovakia,2016,,6.7,,,,,
dataflow,ESTAT:PRC_HPI_A(1.0),House price index (2015 = 100) - annual data,A,Annual,TOTAL,Total,RCH_A_AVG,Annual average rate of change,SK,Slovakia,2017,,5.9,,,,,
dataflow,ESTAT:PRC_HPI_A(1.0),House price index (2015 = 100) - annual data,A,Annual,TOTAL,Total,RCH_A_AVG,Annual average rate of change,SK,Slovakia,2018,,7.4,,,,,
dataflow,ESTAT:PRC_HPI_A(1.0),House price index (2015 = 100) - annual data,A,Annual,TOTAL,Total,RCH_A_AVG,Annual average rate of change,SK,Slovakia,2019,,9.1,,,,,
dataflow,ESTAT:PRC_HPI_A(1.0),House price index (2015 = 100) - annual data,A,Annual,TOTAL,Total,RCH_A_AVG,Annual average rate of change,SK,Slovakia,2020,,9.5,,,,,
dataflow,ESTAT:PRC_HPI_A(1.0),House price index (2015 = 100) - annual data,A,Annual,TOTAL,Total,RCH_A_AVG,Annual average rate of change,SK,Slovakia,2021,,6.4,,,,,
dataflow,ESTAT:PRC_HPI_A(1.0),House price index (2015 = 100) - annual data,A,Annual,TOTAL,Total,RCH_A_AVG,Annual average rate of change,SK,Slovakia,2022,,13.7,,,,,
dataflow,ESTAT:PRC_HPI_A(1.0),House price index (2015 = 100) - annual data,A,Annual,TOTAL,Total,RCH_A_AVG,Annual average rate of change,SK,Slovakia,2023,,-0.2,,,,,
dataflow,ESTAT:PRC_HPI_A(1.0),House price index (2015 = 100) - annual data,A,Annual,TOTAL,Total,RCH_A_AVG,Annual average rate of change,SK,Slovakia,2024,,3.8,,,,,
dataflow,ESTAT:PRC_HPI_A(1.0),House price index (2015 = 100) - annual data,A,Annual,TOTAL,Total,RCH_A_AVG,Annual average rate of change,TR,Türkiye,2011,,8.8,,d,definition differs (see metadata),,
dataflow,ESTAT:PRC_HPI_A(1.0),House price index (2015 = 100) - annual data,A,Annual,TOTAL,Total,RCH_A_AVG,Annual average rate of change,TR,Türkiye,2012,,10.9,,d,definition differs (see metadata),,
dataflow,ESTAT:PRC_HPI_A(1.0),House price index (2015 = 100) - annual data,A,Annual,TOTAL,Total,RCH_A_AVG,Annual average rate of change,TR,Türkiye,2013,,11.4,,d,definition differs (see metadata),,
dataflow,ESTAT:PRC_HPI_A(1.0),House price index (2015 = 100) - annual data,A,Annual,TOTAL,Total,RCH_A_AVG,Annual average rate of change,TR,Türkiye,2014,,12.5,,d,definition differs (see metadata),,
dataflow,ESTAT:PRC_HPI_A(1.0),House price index (2015 = 100) - annual data,A,Annual,TOTAL,Total,RCH_A_AVG,Annual average rate of change,TR,Türkiye,2015,,15.8,,d,definition differs (see metadata),,
dataflow,ESTAT:PRC_HPI_A(1.0),House price index (2015 = 100) - annual data,A,Annual,TOTAL,Total,RCH_A_AVG,Annual average rate of change,TR,Türkiye,2016,,12.8,,d,definition differs (see metadata),,
dataflow,ESTAT:PRC_HPI_A(1.0),House price index (2015 = 100) - annual data,A,Annual,TOTAL,Total,RCH_A_AVG,Annual average rate of change,TR,Türkiye,2017,,10.8,,d,definition differs (see metadata),,
dataflow,ESTAT:PRC_HPI_A(1.0),House price index (2015 = 100) - annual data,A,Annual,TOTAL,Total,RCH_A_AVG,Annual average rate of change,TR,Türkiye,2018,,7.8,,d,definition differs (see metadata),,
dataflow,ESTAT:PRC_HPI_A(1.0),House price index (2015 = 100) - annual data,A,Annual,TOTAL,Total,RCH_A_AVG,Annual average rate of change,TR,Türkiye,2019,,4.8,,d,definition differs (see metadata),,
dataflow,ESTAT:PRC_HPI_A(1.0),House price index (2015 = 100) - annual data,A,Annual,TOTAL,Total,RCH_A_AVG,Annual average rate of change,TR,Türkiye,2020,,23.8,,d,definition differs (see metadata),,
dataflow,ESTAT:PRC_HPI_A(1.0),House price index (2015 = 100) - annual data,A,Annual,TOTAL,Total,RCH_A_AVG,Annual average rate of change,TR,Türkiye,2021,,37.5,,d,definition differs (see metadata),,
dataflow,ESTAT:PRC_HPI_A(1.0),House price index (2015 = 100) - annual data,A,Annual,TOTAL,Total,RCH_A_AVG,Annual average rate of change,TR,Türkiye,2022,,154.2,,d,definition differs (see metadata),,
dataflow,ESTAT:PRC_HPI_A(1.0),House price index (2015 = 100) - annual data,A,Annual,TOTAL,Total,RCH_A_AVG,Annual average rate of change,TR,Türkiye,2023,,98.9,,d,definition differs (see metadata),,
dataflow,ESTAT:PRC_HPI_A(1.0),House price index (2015 = 100) - annual data,A,Annual,TOTAL,Total,RCH_A_AVG,Annual average rate of change,TR,Türkiye,2024,,41.5,,d,definition differs (see metadata),,
